image_path,label
C:/Users/machk/SS_JLAB_WorkSpace/Eindoefening/legoblokken_A\rood12\0003c594-6cf0-11ee-857c-00044beca74a.jpg,0
C:/Users/machk/SS_JLAB_WorkSpace/Eindoefening/legoblokken_A\rood12\004d6762-6cf0-11ee-857c-00044beca74a.jpg,0
C:/Users/machk/SS_JLAB_WorkSpace/Eindoefening/legoblokken_A\rood12\009ff306-6cf0-11ee-857c-00044beca74a.jpg,0
C:/Users/machk/SS_JLAB_WorkSpace/Eindoefening/legoblokken_A\rood12\00f8f9b0-6cf0-11ee-857c-00044beca74a.jpg,0
C:/Users/machk/SS_JLAB_WorkSpace/Eindoefening/legoblokken_A\rood12\0157db06-6cf0-11ee-857c-00044beca74a.jpg,0
C:/Users/machk/SS_JLAB_WorkSpace/Eindoefening/legoblokken_A\rood12\01b2034c-6cf0-11ee-857c-00044beca74a.jpg,0
C:/Users/machk/SS_JLAB_WorkSpace/Eindoefening/legoblokken_A\rood12\020a6848-6cf0-11ee-857c-00044beca74a.jpg,0
C:/Users/machk/SS_JLAB_WorkSpace/Eindoefening/legoblokken_A\rood12\02597e24-6cf0-11ee-857c-00044beca74a.jpg,0
C:/Users/machk/SS_JLAB_WorkSpace/Eindoefening/legoblokken_A\rood12\02ae2622-6cf0-11ee-857c-00044beca74a.jpg,0
C:/Users/machk/SS_JLAB_WorkSpace/Eindoefening/legoblokken_A\rood12\0301ef6e-6cf0-11ee-857c-00044beca74a.jpg,0
C:/Users/machk/SS_JLAB_WorkSpace/Eindoefening/legoblokken_A\rood12\034d9acc-6cf0-11ee-857c-00044beca74a.jpg,0
C:/Users/machk/SS_JLAB_WorkSpace/Eindoefening/legoblokken_A\rood12\03a664a4-6cf0-11ee-857c-00044beca74a.jpg,0
C:/Users/machk/SS_JLAB_WorkSpace/Eindoefening/legoblokken_A\rood12\03f28cda-6cf0-11ee-857c-00044beca74a.jpg,0
C:/Users/machk/SS_JLAB_WorkSpace/Eindoefening/legoblokken_A\rood12\0e4bb31e-6cf0-11ee-857c-00044beca74a.jpg,0
C:/Users/machk/SS_JLAB_WorkSpace/Eindoefening/legoblokken_A\rood12\0e9e0f6a-6cf0-11ee-857c-00044beca74a.jpg,0
C:/Users/machk/SS_JLAB_WorkSpace/Eindoefening/legoblokken_A\rood12\0ef35c04-6cf0-11ee-857c-00044beca74a.jpg,0
C:/Users/machk/SS_JLAB_WorkSpace/Eindoefening/legoblokken_A\rood12\0f4596b8-6cf0-11ee-857c-00044beca74a.jpg,0
C:/Users/machk/SS_JLAB_WorkSpace/Eindoefening/legoblokken_A\rood12\0f9c8248-6cf0-11ee-857c-00044beca74a.jpg,0
C:/Users/machk/SS_JLAB_WorkSpace/Eindoefening/legoblokken_A\rood12\0ff1f598-6cf0-11ee-857c-00044beca74a.jpg,0
C:/Users/machk/SS_JLAB_WorkSpace/Eindoefening/legoblokken_A\rood12\103fa540-6cf0-11ee-857c-00044beca74a.jpg,0
C:/Users/machk/SS_JLAB_WorkSpace/Eindoefening/legoblokken_A\rood12\108d955c-6cf0-11ee-857c-00044beca74a.jpg,0
C:/Users/machk/SS_JLAB_WorkSpace/Eindoefening/legoblokken_A\rood12\10dd8b16-6cf0-11ee-857c-00044beca74a.jpg,0
C:/Users/machk/SS_JLAB_WorkSpace/Eindoefening/legoblokken_A\rood12\1130d938-6cf0-11ee-857c-00044beca74a.jpg,0
C:/Users/machk/SS_JLAB_WorkSpace/Eindoefening/legoblokken_A\rood12\118baafc-6cf0-11ee-857c-00044beca74a.jpg,0
C:/Users/machk/SS_JLAB_WorkSpace/Eindoefening/legoblokken_A\rood12\11d7ca5e-6cf0-11ee-857c-00044beca74a.jpg,0
C:/Users/machk/SS_JLAB_WorkSpace/Eindoefening/legoblokken_A\rood12\122e4da2-6cf0-11ee-857c-00044beca74a.jpg,0
C:/Users/machk/SS_JLAB_WorkSpace/Eindoefening/legoblokken_A\rood12\12806664-6cf0-11ee-857c-00044beca74a.jpg,0
C:/Users/machk/SS_JLAB_WorkSpace/Eindoefening/legoblokken_A\rood12\12cf5576-6cf0-11ee-857c-00044beca74a.jpg,0
C:/Users/machk/SS_JLAB_WorkSpace/Eindoefening/legoblokken_A\rood12\132a5692-6cf0-11ee-857c-00044beca74a.jpg,0
C:/Users/machk/SS_JLAB_WorkSpace/Eindoefening/legoblokken_A\rood12\13891916-6cf0-11ee-857c-00044beca74a.jpg,0
C:/Users/machk/SS_JLAB_WorkSpace/Eindoefening/legoblokken_A\rood12\13d7bfe4-6cf0-11ee-857c-00044beca74a.jpg,0
C:/Users/machk/SS_JLAB_WorkSpace/Eindoefening/legoblokken_A\rood12\142da4fe-6cf0-11ee-857c-00044beca74a.jpg,0
C:/Users/machk/SS_JLAB_WorkSpace/Eindoefening/legoblokken_A\rood12\1488d9aa-6cf0-11ee-857c-00044beca74a.jpg,0
C:/Users/machk/SS_JLAB_WorkSpace/Eindoefening/legoblokken_A\rood12\14e2094e-6cf0-11ee-857c-00044beca74a.jpg,0
C:/Users/machk/SS_JLAB_WorkSpace/Eindoefening/legoblokken_A\rood12\153572fa-6cf0-11ee-857c-00044beca74a.jpg,0
C:/Users/machk/SS_JLAB_WorkSpace/Eindoefening/legoblokken_A\rood12\1584ff00-6cf0-11ee-857c-00044beca74a.jpg,0
C:/Users/machk/SS_JLAB_WorkSpace/Eindoefening/legoblokken_A\rood12\15db46bc-6cf0-11ee-857c-00044beca74a.jpg,0
C:/Users/machk/SS_JLAB_WorkSpace/Eindoefening/legoblokken_A\rood12\19ac5e70-6cf0-11ee-857c-00044beca74a.jpg,0
C:/Users/machk/SS_JLAB_WorkSpace/Eindoefening/legoblokken_A\rood12\19f4d6be-6cf0-11ee-857c-00044beca74a.jpg,0
C:/Users/machk/SS_JLAB_WorkSpace/Eindoefening/legoblokken_A\rood12\1a469ab2-6cf0-11ee-857c-00044beca74a.jpg,0
C:/Users/machk/SS_JLAB_WorkSpace/Eindoefening/legoblokken_A\rood12\1a98e8bc-6cf0-11ee-857c-00044beca74a.jpg,0
C:/Users/machk/SS_JLAB_WorkSpace/Eindoefening/legoblokken_A\rood12\1ae99082-6cf0-11ee-857c-00044beca74a.jpg,0
C:/Users/machk/SS_JLAB_WorkSpace/Eindoefening/legoblokken_A\rood12\1b34b440-6cf0-11ee-857c-00044beca74a.jpg,0
C:/Users/machk/SS_JLAB_WorkSpace/Eindoefening/legoblokken_A\rood12\1b85b296-6cf0-11ee-857c-00044beca74a.jpg,0
C:/Users/machk/SS_JLAB_WorkSpace/Eindoefening/legoblokken_A\rood12\1bdad37a-6cf0-11ee-857c-00044beca74a.jpg,0
C:/Users/machk/SS_JLAB_WorkSpace/Eindoefening/legoblokken_A\rood12\1c3032ca-6cf0-11ee-857c-00044beca74a.jpg,0
C:/Users/machk/SS_JLAB_WorkSpace/Eindoefening/legoblokken_A\rood12\1c8d3d3a-6cf0-11ee-857c-00044beca74a.jpg,0
C:/Users/machk/SS_JLAB_WorkSpace/Eindoefening/legoblokken_A\rood12\1cf2ce34-6cf0-11ee-857c-00044beca74a.jpg,0
C:/Users/machk/SS_JLAB_WorkSpace/Eindoefening/legoblokken_A\rood12\1d535510-6cf0-11ee-857c-00044beca74a.jpg,0
C:/Users/machk/SS_JLAB_WorkSpace/Eindoefening/legoblokken_A\rood12\1da4ff96-6cf0-11ee-857c-00044beca74a.jpg,0
C:/Users/machk/SS_JLAB_WorkSpace/Eindoefening/legoblokken_A\rood12\1dfd1f32-6cf0-11ee-857c-00044beca74a.jpg,0
C:/Users/machk/SS_JLAB_WorkSpace/Eindoefening/legoblokken_A\rood12\1e6f9a6c-6cf0-11ee-857c-00044beca74a.jpg,0
C:/Users/machk/SS_JLAB_WorkSpace/Eindoefening/legoblokken_A\rood12\1ec1f690-6cf0-11ee-857c-00044beca74a.jpg,0
C:/Users/machk/SS_JLAB_WorkSpace/Eindoefening/legoblokken_A\rood12\1f101758-6cf0-11ee-857c-00044beca74a.jpg,0
C:/Users/machk/SS_JLAB_WorkSpace/Eindoefening/legoblokken_A\rood12\1f679ae6-6cf0-11ee-857c-00044beca74a.jpg,0
C:/Users/machk/SS_JLAB_WorkSpace/Eindoefening/legoblokken_A\rood12\1fc06658-6cf0-11ee-857c-00044beca74a.jpg,0
C:/Users/machk/SS_JLAB_WorkSpace/Eindoefening/legoblokken_A\rood12\2ca4d674-6cf0-11ee-857c-00044beca74a.jpg,0
C:/Users/machk/SS_JLAB_WorkSpace/Eindoefening/legoblokken_A\rood12\2cf5f784-6cf0-11ee-857c-00044beca74a.jpg,0
C:/Users/machk/SS_JLAB_WorkSpace/Eindoefening/legoblokken_A\rood12\2d3ff140-6cf0-11ee-857c-00044beca74a.jpg,0
C:/Users/machk/SS_JLAB_WorkSpace/Eindoefening/legoblokken_A\rood12\2d95a342-6cf0-11ee-857c-00044beca74a.jpg,0
C:/Users/machk/SS_JLAB_WorkSpace/Eindoefening/legoblokken_A\rood12\2de7ccee-6cf0-11ee-857c-00044beca74a.jpg,0
C:/Users/machk/SS_JLAB_WorkSpace/Eindoefening/legoblokken_A\rood12\2e3577f0-6cf0-11ee-857c-00044beca74a.jpg,0
C:/Users/machk/SS_JLAB_WorkSpace/Eindoefening/legoblokken_A\rood12\2e930258-6cf0-11ee-857c-00044beca74a.jpg,0
C:/Users/machk/SS_JLAB_WorkSpace/Eindoefening/legoblokken_A\rood12\2ee901c6-6cf0-11ee-857c-00044beca74a.jpg,0
C:/Users/machk/SS_JLAB_WorkSpace/Eindoefening/legoblokken_A\rood12\2f3a2e02-6cf0-11ee-857c-00044beca74a.jpg,0
C:/Users/machk/SS_JLAB_WorkSpace/Eindoefening/legoblokken_A\rood12\2f8b2e88-6cf0-11ee-857c-00044beca74a.jpg,0
C:/Users/machk/SS_JLAB_WorkSpace/Eindoefening/legoblokken_A\rood12\2fe0fcaa-6cf0-11ee-857c-00044beca74a.jpg,0
C:/Users/machk/SS_JLAB_WorkSpace/Eindoefening/legoblokken_A\rood12\303abc68-6cf0-11ee-857c-00044beca74a.jpg,0
C:/Users/machk/SS_JLAB_WorkSpace/Eindoefening/legoblokken_A\rood12\308e65de-6cf0-11ee-857c-00044beca74a.jpg,0
C:/Users/machk/SS_JLAB_WorkSpace/Eindoefening/legoblokken_A\rood12\30e2958c-6cf0-11ee-857c-00044beca74a.jpg,0
C:/Users/machk/SS_JLAB_WorkSpace/Eindoefening/legoblokken_A\rood12\313e17cc-6cf0-11ee-857c-00044beca74a.jpg,0
C:/Users/machk/SS_JLAB_WorkSpace/Eindoefening/legoblokken_A\rood12\3196bc1a-6cf0-11ee-857c-00044beca74a.jpg,0
C:/Users/machk/SS_JLAB_WorkSpace/Eindoefening/legoblokken_A\rood12\31e92aae-6cf0-11ee-857c-00044beca74a.jpg,0
C:/Users/machk/SS_JLAB_WorkSpace/Eindoefening/legoblokken_A\rood12\32415c74-6cf0-11ee-857c-00044beca74a.jpg,0
C:/Users/machk/SS_JLAB_WorkSpace/Eindoefening/legoblokken_A\rood12\37ca1276-6cf0-11ee-857c-00044beca74a.jpg,0
C:/Users/machk/SS_JLAB_WorkSpace/Eindoefening/legoblokken_A\rood12\381ca572-6cf0-11ee-857c-00044beca74a.jpg,0
C:/Users/machk/SS_JLAB_WorkSpace/Eindoefening/legoblokken_A\rood12\3875c544-6cf0-11ee-857c-00044beca74a.jpg,0
C:/Users/machk/SS_JLAB_WorkSpace/Eindoefening/legoblokken_A\rood12\38ce6f5a-6cf0-11ee-857c-00044beca74a.jpg,0
C:/Users/machk/SS_JLAB_WorkSpace/Eindoefening/legoblokken_A\rood12\3929d7b4-6cf0-11ee-857c-00044beca74a.jpg,0
C:/Users/machk/SS_JLAB_WorkSpace/Eindoefening/legoblokken_A\rood12\397ca570-6cf0-11ee-857c-00044beca74a.jpg,0
C:/Users/machk/SS_JLAB_WorkSpace/Eindoefening/legoblokken_A\rood12\39ef1b5a-6cf0-11ee-857c-00044beca74a.jpg,0
C:/Users/machk/SS_JLAB_WorkSpace/Eindoefening/legoblokken_A\rood12\3a4bf92e-6cf0-11ee-857c-00044beca74a.jpg,0
C:/Users/machk/SS_JLAB_WorkSpace/Eindoefening/legoblokken_A\rood12\3abe2e68-6cf0-11ee-857c-00044beca74a.jpg,0
C:/Users/machk/SS_JLAB_WorkSpace/Eindoefening/legoblokken_A\rood12\3b23e2d0-6cf0-11ee-857c-00044beca74a.jpg,0
C:/Users/machk/SS_JLAB_WorkSpace/Eindoefening/legoblokken_A\rood12\3b82fa86-6cf0-11ee-857c-00044beca74a.jpg,0
C:/Users/machk/SS_JLAB_WorkSpace/Eindoefening/legoblokken_A\rood12\3be7e98c-6cf0-11ee-857c-00044beca74a.jpg,0
C:/Users/machk/SS_JLAB_WorkSpace/Eindoefening/legoblokken_A\rood12\3c4396c4-6cf0-11ee-857c-00044beca74a.jpg,0
C:/Users/machk/SS_JLAB_WorkSpace/Eindoefening/legoblokken_A\rood12\3cabc53c-6cf0-11ee-857c-00044beca74a.jpg,0
C:/Users/machk/SS_JLAB_WorkSpace/Eindoefening/legoblokken_A\rood12\3d0ef026-6cf0-11ee-857c-00044beca74a.jpg,0
C:/Users/machk/SS_JLAB_WorkSpace/Eindoefening/legoblokken_A\rood12\3d73f43a-6cf0-11ee-857c-00044beca74a.jpg,0
C:/Users/machk/SS_JLAB_WorkSpace/Eindoefening/legoblokken_A\rood12\3ddb242a-6cf0-11ee-857c-00044beca74a.jpg,0
C:/Users/machk/SS_JLAB_WorkSpace/Eindoefening/legoblokken_A\rood12\ee7c22c6-6cef-11ee-857c-00044beca74a.jpg,0
C:/Users/machk/SS_JLAB_WorkSpace/Eindoefening/legoblokken_A\rood12\eee9f7f6-6cef-11ee-857c-00044beca74a.jpg,0
C:/Users/machk/SS_JLAB_WorkSpace/Eindoefening/legoblokken_A\rood12\ef4423f2-6cef-11ee-857c-00044beca74a.jpg,0
C:/Users/machk/SS_JLAB_WorkSpace/Eindoefening/legoblokken_A\rood12\ef9433e2-6cef-11ee-857c-00044beca74a.jpg,0
C:/Users/machk/SS_JLAB_WorkSpace/Eindoefening/legoblokken_A\rood12\efeb96b4-6cef-11ee-857c-00044beca74a.jpg,0
C:/Users/machk/SS_JLAB_WorkSpace/Eindoefening/legoblokken_A\rood12\f03bd7fa-6cef-11ee-857c-00044beca74a.jpg,0
C:/Users/machk/SS_JLAB_WorkSpace/Eindoefening/legoblokken_A\rood12\f07c4218-6cef-11ee-857c-00044beca74a.jpg,0
C:/Users/machk/SS_JLAB_WorkSpace/Eindoefening/legoblokken_A\rood12\f0b88b1a-6cef-11ee-857c-00044beca74a.jpg,0
C:/Users/machk/SS_JLAB_WorkSpace/Eindoefening/legoblokken_A\rood12\f0f85fc4-6cef-11ee-857c-00044beca74a.jpg,0
C:/Users/machk/SS_JLAB_WorkSpace/Eindoefening/legoblokken_A\rood12\f14ad95c-6cef-11ee-857c-00044beca74a.jpg,0
C:/Users/machk/SS_JLAB_WorkSpace/Eindoefening/legoblokken_A\rood12\f1959348-6cef-11ee-857c-00044beca74a.jpg,0
C:/Users/machk/SS_JLAB_WorkSpace/Eindoefening/legoblokken_A\rood12\f1db6ddc-6cef-11ee-857c-00044beca74a.jpg,0
C:/Users/machk/SS_JLAB_WorkSpace/Eindoefening/legoblokken_A\rood12\f2247428-6cef-11ee-857c-00044beca74a.jpg,0
C:/Users/machk/SS_JLAB_WorkSpace/Eindoefening/legoblokken_A\rood12\f27ddaae-6cef-11ee-857c-00044beca74a.jpg,0
C:/Users/machk/SS_JLAB_WorkSpace/Eindoefening/legoblokken_A\rood12\f2cf50f0-6cef-11ee-857c-00044beca74a.jpg,0
C:/Users/machk/SS_JLAB_WorkSpace/Eindoefening/legoblokken_A\rood12\f3209604-6cef-11ee-857c-00044beca74a.jpg,0
C:/Users/machk/SS_JLAB_WorkSpace/Eindoefening/legoblokken_A\rood12\f36bdc4a-6cef-11ee-857c-00044beca74a.jpg,0
C:/Users/machk/SS_JLAB_WorkSpace/Eindoefening/legoblokken_A\rood12\f3babb6c-6cef-11ee-857c-00044beca74a.jpg,0
C:/Users/machk/SS_JLAB_WorkSpace/Eindoefening/legoblokken_A\rood12\f4077c9a-6cef-11ee-857c-00044beca74a.jpg,0
C:/Users/machk/SS_JLAB_WorkSpace/Eindoefening/legoblokken_A\rood12\f45973d8-6cef-11ee-857c-00044beca74a.jpg,0
C:/Users/machk/SS_JLAB_WorkSpace/Eindoefening/legoblokken_A\rood12\f4aa4538-6cef-11ee-857c-00044beca74a.jpg,0
C:/Users/machk/SS_JLAB_WorkSpace/Eindoefening/legoblokken_A\rood12\f4faedd0-6cef-11ee-857c-00044beca74a.jpg,0
C:/Users/machk/SS_JLAB_WorkSpace/Eindoefening/legoblokken_A\rood12\f5502f8e-6cef-11ee-857c-00044beca74a.jpg,0
C:/Users/machk/SS_JLAB_WorkSpace/Eindoefening/legoblokken_A\rood12\f5edafb6-6cef-11ee-857c-00044beca74a.jpg,0
C:/Users/machk/SS_JLAB_WorkSpace/Eindoefening/legoblokken_A\rood12\f63ccb00-6cef-11ee-857c-00044beca74a.jpg,0
C:/Users/machk/SS_JLAB_WorkSpace/Eindoefening/legoblokken_A\rood12\f6abf91c-6cef-11ee-857c-00044beca74a.jpg,0
C:/Users/machk/SS_JLAB_WorkSpace/Eindoefening/legoblokken_A\rood12\fb894d22-6cef-11ee-857c-00044beca74a.jpg,0
C:/Users/machk/SS_JLAB_WorkSpace/Eindoefening/legoblokken_A\rood12\fbe25b38-6cef-11ee-857c-00044beca74a.jpg,0
C:/Users/machk/SS_JLAB_WorkSpace/Eindoefening/legoblokken_A\rood12\fc622732-6cef-11ee-857c-00044beca74a.jpg,0
C:/Users/machk/SS_JLAB_WorkSpace/Eindoefening/legoblokken_A\rood12\fcb2fbbc-6cef-11ee-857c-00044beca74a.jpg,0
C:/Users/machk/SS_JLAB_WorkSpace/Eindoefening/legoblokken_A\rood12\fd04436e-6cef-11ee-857c-00044beca74a.jpg,0
C:/Users/machk/SS_JLAB_WorkSpace/Eindoefening/legoblokken_A\rood12\fd549daa-6cef-11ee-857c-00044beca74a.jpg,0
C:/Users/machk/SS_JLAB_WorkSpace/Eindoefening/legoblokken_A\rood12\fd9da4a0-6cef-11ee-857c-00044beca74a.jpg,0
C:/Users/machk/SS_JLAB_WorkSpace/Eindoefening/legoblokken_A\rood12\fdffd058-6cef-11ee-857c-00044beca74a.jpg,0
C:/Users/machk/SS_JLAB_WorkSpace/Eindoefening/legoblokken_A\rood12\fe54a56a-6cef-11ee-857c-00044beca74a.jpg,0
C:/Users/machk/SS_JLAB_WorkSpace/Eindoefening/legoblokken_A\rood12\feac8924-6cef-11ee-857c-00044beca74a.jpg,0
C:/Users/machk/SS_JLAB_WorkSpace/Eindoefening/legoblokken_A\rood12\ff031398-6cef-11ee-857c-00044beca74a.jpg,0
C:/Users/machk/SS_JLAB_WorkSpace/Eindoefening/legoblokken_A\rood12\ff5ab116-6cef-11ee-857c-00044beca74a.jpg,0
C:/Users/machk/SS_JLAB_WorkSpace/Eindoefening/legoblokken_A\rood12\ffaddf4e-6cef-11ee-857c-00044beca74a.jpg,0
C:/Users/machk/SS_JLAB_WorkSpace/Eindoefening/legoblokken_A\lichtgroen8arch\51739ab4-6cee-11ee-857c-00044beca74a.jpg,1
C:/Users/machk/SS_JLAB_WorkSpace/Eindoefening/legoblokken_A\lichtgroen8arch\520ae6f8-6cee-11ee-857c-00044beca74a.jpg,1
C:/Users/machk/SS_JLAB_WorkSpace/Eindoefening/legoblokken_A\lichtgroen8arch\52bcca94-6cee-11ee-857c-00044beca74a.jpg,1
C:/Users/machk/SS_JLAB_WorkSpace/Eindoefening/legoblokken_A\lichtgroen8arch\53a01f06-6cee-11ee-857c-00044beca74a.jpg,1
C:/Users/machk/SS_JLAB_WorkSpace/Eindoefening/legoblokken_A\lichtgroen8arch\5467fc7e-6cee-11ee-857c-00044beca74a.jpg,1
C:/Users/machk/SS_JLAB_WorkSpace/Eindoefening/legoblokken_A\lichtgroen8arch\5562e404-6cee-11ee-857c-00044beca74a.jpg,1
C:/Users/machk/SS_JLAB_WorkSpace/Eindoefening/legoblokken_A\lichtgroen8arch\563afcc2-6cee-11ee-857c-00044beca74a.jpg,1
C:/Users/machk/SS_JLAB_WorkSpace/Eindoefening/legoblokken_A\lichtgroen8arch\574220aa-6cee-11ee-857c-00044beca74a.jpg,1
C:/Users/machk/SS_JLAB_WorkSpace/Eindoefening/legoblokken_A\lichtgroen8arch\580fa87c-6cee-11ee-857c-00044beca74a.jpg,1
C:/Users/machk/SS_JLAB_WorkSpace/Eindoefening/legoblokken_A\lichtgroen8arch\5903dafa-6cee-11ee-857c-00044beca74a.jpg,1
C:/Users/machk/SS_JLAB_WorkSpace/Eindoefening/legoblokken_A\lichtgroen8arch\59ae48aa-6cee-11ee-857c-00044beca74a.jpg,1
C:/Users/machk/SS_JLAB_WorkSpace/Eindoefening/legoblokken_A\lichtgroen8arch\5a9f0a1a-6cee-11ee-857c-00044beca74a.jpg,1
C:/Users/machk/SS_JLAB_WorkSpace/Eindoefening/legoblokken_A\lichtgroen8arch\5edf030a-6cee-11ee-857c-00044beca74a.jpg,1
C:/Users/machk/SS_JLAB_WorkSpace/Eindoefening/legoblokken_A\lichtgroen8arch\5fa7989c-6cee-11ee-857c-00044beca74a.jpg,1
C:/Users/machk/SS_JLAB_WorkSpace/Eindoefening/legoblokken_A\lichtgroen8arch\6068bf72-6cee-11ee-857c-00044beca74a.jpg,1
C:/Users/machk/SS_JLAB_WorkSpace/Eindoefening/legoblokken_A\lichtgroen8arch\6143f484-6cee-11ee-857c-00044beca74a.jpg,1
C:/Users/machk/SS_JLAB_WorkSpace/Eindoefening/legoblokken_A\lichtgroen8arch\6298ba5e-6cee-11ee-857c-00044beca74a.jpg,1
C:/Users/machk/SS_JLAB_WorkSpace/Eindoefening/legoblokken_A\lichtgroen8arch\6346e9c6-6cee-11ee-857c-00044beca74a.jpg,1
C:/Users/machk/SS_JLAB_WorkSpace/Eindoefening/legoblokken_A\lichtgroen8arch\63f2197c-6cee-11ee-857c-00044beca74a.jpg,1
C:/Users/machk/SS_JLAB_WorkSpace/Eindoefening/legoblokken_A\lichtgroen8arch\64e74fd2-6cee-11ee-857c-00044beca74a.jpg,1
C:/Users/machk/SS_JLAB_WorkSpace/Eindoefening/legoblokken_A\lichtgroen8arch\66066222-6cee-11ee-857c-00044beca74a.jpg,1
C:/Users/machk/SS_JLAB_WorkSpace/Eindoefening/legoblokken_A\lichtgroen8arch\671d0990-6cee-11ee-857c-00044beca74a.jpg,1
C:/Users/machk/SS_JLAB_WorkSpace/Eindoefening/legoblokken_A\lichtgroen8arch\6818e22e-6cee-11ee-857c-00044beca74a.jpg,1
C:/Users/machk/SS_JLAB_WorkSpace/Eindoefening/legoblokken_A\lichtgroen8arch\68fab2e4-6cee-11ee-857c-00044beca74a.jpg,1
C:/Users/machk/SS_JLAB_WorkSpace/Eindoefening/legoblokken_A\lichtgroen8arch\6aadf470-6cee-11ee-857c-00044beca74a.jpg,1
C:/Users/machk/SS_JLAB_WorkSpace/Eindoefening/legoblokken_A\lichtgroen8arch\6c42d47c-6cee-11ee-857c-00044beca74a.jpg,1
C:/Users/machk/SS_JLAB_WorkSpace/Eindoefening/legoblokken_A\lichtgroen8arch\6d0b1a04-6cee-11ee-857c-00044beca74a.jpg,1
C:/Users/machk/SS_JLAB_WorkSpace/Eindoefening/legoblokken_A\lichtgroen8arch\6dc8b06e-6cee-11ee-857c-00044beca74a.jpg,1
C:/Users/machk/SS_JLAB_WorkSpace/Eindoefening/legoblokken_A\lichtgroen8arch\6f817008-6cee-11ee-857c-00044beca74a.jpg,1
C:/Users/machk/SS_JLAB_WorkSpace/Eindoefening/legoblokken_A\lichtgroen8arch\75607b40-6cee-11ee-857c-00044beca74a.jpg,1
C:/Users/machk/SS_JLAB_WorkSpace/Eindoefening/legoblokken_A\lichtgroen8arch\764578bc-6cee-11ee-857c-00044beca74a.jpg,1
C:/Users/machk/SS_JLAB_WorkSpace/Eindoefening/legoblokken_A\lichtgroen8arch\76f5cfe6-6cee-11ee-857c-00044beca74a.jpg,1
C:/Users/machk/SS_JLAB_WorkSpace/Eindoefening/legoblokken_A\lichtgroen8arch\77b61e18-6cee-11ee-857c-00044beca74a.jpg,1
C:/Users/machk/SS_JLAB_WorkSpace/Eindoefening/legoblokken_A\lichtgroen8arch\787f2cd6-6cee-11ee-857c-00044beca74a.jpg,1
C:/Users/machk/SS_JLAB_WorkSpace/Eindoefening/legoblokken_A\lichtgroen8arch\79e63b5a-6cee-11ee-857c-00044beca74a.jpg,1
C:/Users/machk/SS_JLAB_WorkSpace/Eindoefening/legoblokken_A\lichtgroen8arch\7b6379b6-6cee-11ee-857c-00044beca74a.jpg,1
C:/Users/machk/SS_JLAB_WorkSpace/Eindoefening/legoblokken_A\lichtgroen8arch\7c041268-6cee-11ee-857c-00044beca74a.jpg,1
C:/Users/machk/SS_JLAB_WorkSpace/Eindoefening/legoblokken_A\lichtgroen8arch\7cabddd6-6cee-11ee-857c-00044beca74a.jpg,1
C:/Users/machk/SS_JLAB_WorkSpace/Eindoefening/legoblokken_A\lichtgroen8arch\7d6ad5f6-6cee-11ee-857c-00044beca74a.jpg,1
C:/Users/machk/SS_JLAB_WorkSpace/Eindoefening/legoblokken_A\lichtgroen8arch\7e1d4cf4-6cee-11ee-857c-00044beca74a.jpg,1
C:/Users/machk/SS_JLAB_WorkSpace/Eindoefening/legoblokken_A\lichtgroen8arch\7edcb242-6cee-11ee-857c-00044beca74a.jpg,1
C:/Users/machk/SS_JLAB_WorkSpace/Eindoefening/legoblokken_A\lichtgroen8arch\8057d30e-6cee-11ee-857c-00044beca74a.jpg,1
C:/Users/machk/SS_JLAB_WorkSpace/Eindoefening/legoblokken_A\lichtgroen8arch\812e01ea-6cee-11ee-857c-00044beca74a.jpg,1
C:/Users/machk/SS_JLAB_WorkSpace/Eindoefening/legoblokken_A\lichtgroen8arch\81d9c4a8-6cee-11ee-857c-00044beca74a.jpg,1
C:/Users/machk/SS_JLAB_WorkSpace/Eindoefening/legoblokken_A\lichtgroen8arch\9081b02e-6cee-11ee-857c-00044beca74a.jpg,1
C:/Users/machk/SS_JLAB_WorkSpace/Eindoefening/legoblokken_A\lichtgroen8arch\9119fee2-6cee-11ee-857c-00044beca74a.jpg,1
C:/Users/machk/SS_JLAB_WorkSpace/Eindoefening/legoblokken_A\lichtgroen8arch\91beeb32-6cee-11ee-857c-00044beca74a.jpg,1
C:/Users/machk/SS_JLAB_WorkSpace/Eindoefening/legoblokken_A\lichtgroen8arch\9255d484-6cee-11ee-857c-00044beca74a.jpg,1
C:/Users/machk/SS_JLAB_WorkSpace/Eindoefening/legoblokken_A\lichtgroen8arch\92e014f0-6cee-11ee-857c-00044beca74a.jpg,1
C:/Users/machk/SS_JLAB_WorkSpace/Eindoefening/legoblokken_A\lichtgroen8arch\9366b050-6cee-11ee-857c-00044beca74a.jpg,1
C:/Users/machk/SS_JLAB_WorkSpace/Eindoefening/legoblokken_A\lichtgroen8arch\93af8604-6cee-11ee-857c-00044beca74a.jpg,1
C:/Users/machk/SS_JLAB_WorkSpace/Eindoefening/legoblokken_A\lichtgroen8arch\941e1380-6cee-11ee-857c-00044beca74a.jpg,1
C:/Users/machk/SS_JLAB_WorkSpace/Eindoefening/legoblokken_A\lichtgroen8arch\947e42a0-6cee-11ee-857c-00044beca74a.jpg,1
C:/Users/machk/SS_JLAB_WorkSpace/Eindoefening/legoblokken_A\lichtgroen8arch\94e78120-6cee-11ee-857c-00044beca74a.jpg,1
C:/Users/machk/SS_JLAB_WorkSpace/Eindoefening/legoblokken_A\lichtgroen8arch\954c2224-6cee-11ee-857c-00044beca74a.jpg,1
C:/Users/machk/SS_JLAB_WorkSpace/Eindoefening/legoblokken_A\lichtgroen8arch\95ba7026-6cee-11ee-857c-00044beca74a.jpg,1
C:/Users/machk/SS_JLAB_WorkSpace/Eindoefening/legoblokken_A\lichtgroen8arch\96ce48fc-6cee-11ee-857c-00044beca74a.jpg,1
C:/Users/machk/SS_JLAB_WorkSpace/Eindoefening/legoblokken_A\lichtgroen8arch\9749da8a-6cee-11ee-857c-00044beca74a.jpg,1
C:/Users/machk/SS_JLAB_WorkSpace/Eindoefening/legoblokken_A\lichtgroen8arch\97ccc95e-6cee-11ee-857c-00044beca74a.jpg,1
C:/Users/machk/SS_JLAB_WorkSpace/Eindoefening/legoblokken_A\lichtgroen8arch\9847241a-6cee-11ee-857c-00044beca74a.jpg,1
C:/Users/machk/SS_JLAB_WorkSpace/Eindoefening/legoblokken_A\lichtgroen8arch\98beb99e-6cee-11ee-857c-00044beca74a.jpg,1
C:/Users/machk/SS_JLAB_WorkSpace/Eindoefening/legoblokken_A\lichtgroen8arch\994ee0b4-6cee-11ee-857c-00044beca74a.jpg,1
C:/Users/machk/SS_JLAB_WorkSpace/Eindoefening/legoblokken_A\lichtgroen8arch\99d1222c-6cee-11ee-857c-00044beca74a.jpg,1
C:/Users/machk/SS_JLAB_WorkSpace/Eindoefening/legoblokken_A\lichtgroen8arch\9a6eb1c2-6cee-11ee-857c-00044beca74a.jpg,1
C:/Users/machk/SS_JLAB_WorkSpace/Eindoefening/legoblokken_A\lichtgroen8arch\9b05e452-6cee-11ee-857c-00044beca74a.jpg,1
C:/Users/machk/SS_JLAB_WorkSpace/Eindoefening/legoblokken_A\lichtgroen8arch\9b913a3e-6cee-11ee-857c-00044beca74a.jpg,1
C:/Users/machk/SS_JLAB_WorkSpace/Eindoefening/legoblokken_A\lichtgroen8arch\9c2e8866-6cee-11ee-857c-00044beca74a.jpg,1
C:/Users/machk/SS_JLAB_WorkSpace/Eindoefening/legoblokken_A\lichtgroen8arch\9cc7a730-6cee-11ee-857c-00044beca74a.jpg,1
C:/Users/machk/SS_JLAB_WorkSpace/Eindoefening/legoblokken_A\lichtgroen8arch\9d61e840-6cee-11ee-857c-00044beca74a.jpg,1
C:/Users/machk/SS_JLAB_WorkSpace/Eindoefening/legoblokken_A\lichtgroen8arch\a3f46868-6cee-11ee-857c-00044beca74a.jpg,1
C:/Users/machk/SS_JLAB_WorkSpace/Eindoefening/legoblokken_A\lichtgroen8arch\a47a23fe-6cee-11ee-857c-00044beca74a.jpg,1
C:/Users/machk/SS_JLAB_WorkSpace/Eindoefening/legoblokken_A\lichtgroen8arch\a507f922-6cee-11ee-857c-00044beca74a.jpg,1
C:/Users/machk/SS_JLAB_WorkSpace/Eindoefening/legoblokken_A\lichtgroen8arch\a628bfd0-6cee-11ee-857c-00044beca74a.jpg,1
C:/Users/machk/SS_JLAB_WorkSpace/Eindoefening/legoblokken_A\lichtgroen8arch\a6b93394-6cee-11ee-857c-00044beca74a.jpg,1
C:/Users/machk/SS_JLAB_WorkSpace/Eindoefening/legoblokken_A\lichtgroen8arch\a752e25a-6cee-11ee-857c-00044beca74a.jpg,1
C:/Users/machk/SS_JLAB_WorkSpace/Eindoefening/legoblokken_A\lichtgroen8arch\a7e7404e-6cee-11ee-857c-00044beca74a.jpg,1
C:/Users/machk/SS_JLAB_WorkSpace/Eindoefening/legoblokken_A\lichtgroen8arch\a8800ba8-6cee-11ee-857c-00044beca74a.jpg,1
C:/Users/machk/SS_JLAB_WorkSpace/Eindoefening/legoblokken_A\lichtgroen8arch\a91dac50-6cee-11ee-857c-00044beca74a.jpg,1
C:/Users/machk/SS_JLAB_WorkSpace/Eindoefening/legoblokken_A\lichtgroen8arch\a9884d1c-6cee-11ee-857c-00044beca74a.jpg,1
C:/Users/machk/SS_JLAB_WorkSpace/Eindoefening/legoblokken_A\lichtgroen8arch\a9d91724-6cee-11ee-857c-00044beca74a.jpg,1
C:/Users/machk/SS_JLAB_WorkSpace/Eindoefening/legoblokken_A\lichtgroen8arch\aa2dcfc6-6cee-11ee-857c-00044beca74a.jpg,1
C:/Users/machk/SS_JLAB_WorkSpace/Eindoefening/legoblokken_A\lichtgroen8arch\aad07898-6cee-11ee-857c-00044beca74a.jpg,1
C:/Users/machk/SS_JLAB_WorkSpace/Eindoefening/legoblokken_A\lichtgroen8arch\ab4ee656-6cee-11ee-857c-00044beca74a.jpg,1
C:/Users/machk/SS_JLAB_WorkSpace/Eindoefening/legoblokken_A\lichtgroen8arch\abb6e81e-6cee-11ee-857c-00044beca74a.jpg,1
C:/Users/machk/SS_JLAB_WorkSpace/Eindoefening/legoblokken_A\lichtgroen8arch\ac1b284c-6cee-11ee-857c-00044beca74a.jpg,1
C:/Users/machk/SS_JLAB_WorkSpace/Eindoefening/legoblokken_A\lichtgroen8arch\ac9a76ce-6cee-11ee-857c-00044beca74a.jpg,1
C:/Users/machk/SS_JLAB_WorkSpace/Eindoefening/legoblokken_A\lichtgroen8arch\ad0e4338-6cee-11ee-857c-00044beca74a.jpg,1
C:/Users/machk/SS_JLAB_WorkSpace/Eindoefening/legoblokken_A\lichtgroen8arch\ad890eba-6cee-11ee-857c-00044beca74a.jpg,1
C:/Users/machk/SS_JLAB_WorkSpace/Eindoefening/legoblokken_A\lichtgroen8arch\b07795ec-6cee-11ee-857c-00044beca74a.jpg,1
C:/Users/machk/SS_JLAB_WorkSpace/Eindoefening/legoblokken_A\lichtgroen8arch\b120c2ac-6cee-11ee-857c-00044beca74a.jpg,1
C:/Users/machk/SS_JLAB_WorkSpace/Eindoefening/legoblokken_A\lichtgroen8arch\b1cdc736-6cee-11ee-857c-00044beca74a.jpg,1
C:/Users/machk/SS_JLAB_WorkSpace/Eindoefening/legoblokken_A\lichtgroen8arch\b252050a-6cee-11ee-857c-00044beca74a.jpg,1
C:/Users/machk/SS_JLAB_WorkSpace/Eindoefening/legoblokken_A\lichtgroen8arch\b2e54504-6cee-11ee-857c-00044beca74a.jpg,1
C:/Users/machk/SS_JLAB_WorkSpace/Eindoefening/legoblokken_A\lichtgroen8arch\b3788684-6cee-11ee-857c-00044beca74a.jpg,1
C:/Users/machk/SS_JLAB_WorkSpace/Eindoefening/legoblokken_A\lichtgroen8arch\bc9e6ecc-6cee-11ee-857c-00044beca74a.jpg,1
C:/Users/machk/SS_JLAB_WorkSpace/Eindoefening/legoblokken_A\lichtgroen8arch\bd5fc0d6-6cee-11ee-857c-00044beca74a.jpg,1
C:/Users/machk/SS_JLAB_WorkSpace/Eindoefening/legoblokken_A\lichtgroen8arch\bdf0658c-6cee-11ee-857c-00044beca74a.jpg,1
C:/Users/machk/SS_JLAB_WorkSpace/Eindoefening/legoblokken_A\lichtgroen8arch\be7371fc-6cee-11ee-857c-00044beca74a.jpg,1
C:/Users/machk/SS_JLAB_WorkSpace/Eindoefening/legoblokken_A\lichtgroen8arch\bf1fd550-6cee-11ee-857c-00044beca74a.jpg,1
C:/Users/machk/SS_JLAB_WorkSpace/Eindoefening/legoblokken_A\lichtgroen8arch\bfb7eb2e-6cee-11ee-857c-00044beca74a.jpg,1
C:/Users/machk/SS_JLAB_WorkSpace/Eindoefening/legoblokken_A\lichtgroen8arch\c048066e-6cee-11ee-857c-00044beca74a.jpg,1
C:/Users/machk/SS_JLAB_WorkSpace/Eindoefening/legoblokken_A\lichtgroen8arch\c0e0465e-6cee-11ee-857c-00044beca74a.jpg,1
C:/Users/machk/SS_JLAB_WorkSpace/Eindoefening/legoblokken_A\lichtgroen8arch\c4c357b6-6cee-11ee-857c-00044beca74a.jpg,1
C:/Users/machk/SS_JLAB_WorkSpace/Eindoefening/legoblokken_A\lichtgroen8arch\c5726b48-6cee-11ee-857c-00044beca74a.jpg,1
C:/Users/machk/SS_JLAB_WorkSpace/Eindoefening/legoblokken_A\lichtgroen8arch\c60ee8a6-6cee-11ee-857c-00044beca74a.jpg,1
C:/Users/machk/SS_JLAB_WorkSpace/Eindoefening/legoblokken_A\lichtgroen8arch\c6c7ded8-6cee-11ee-857c-00044beca74a.jpg,1
C:/Users/machk/SS_JLAB_WorkSpace/Eindoefening/legoblokken_A\lichtgroen8arch\c75d7f60-6cee-11ee-857c-00044beca74a.jpg,1
C:/Users/machk/SS_JLAB_WorkSpace/Eindoefening/legoblokken_A\lichtgroen8arch\c7fb43da-6cee-11ee-857c-00044beca74a.jpg,1
C:/Users/machk/SS_JLAB_WorkSpace/Eindoefening/legoblokken_A\lichtgroen8arch\c8739916-6cee-11ee-857c-00044beca74a.jpg,1
C:/Users/machk/SS_JLAB_WorkSpace/Eindoefening/legoblokken_A\lichtgroen8arch\c8ff168a-6cee-11ee-857c-00044beca74a.jpg,1
C:/Users/machk/SS_JLAB_WorkSpace/Eindoefening/legoblokken_A\lichtgroen8arch\c986461e-6cee-11ee-857c-00044beca74a.jpg,1
C:/Users/machk/SS_JLAB_WorkSpace/Eindoefening/legoblokken_A\lichtgroen8arch\ca0768a2-6cee-11ee-857c-00044beca74a.jpg,1
C:/Users/machk/SS_JLAB_WorkSpace/Eindoefening/legoblokken_A\lichtgroen8arch\ca58573a-6cee-11ee-857c-00044beca74a.jpg,1
C:/Users/machk/SS_JLAB_WorkSpace/Eindoefening/legoblokken_A\lichtgroen8arch\d45b1efc-6cee-11ee-857c-00044beca74a.jpg,1
C:/Users/machk/SS_JLAB_WorkSpace/Eindoefening/legoblokken_A\lichtgroen8arch\d4da2e4a-6cee-11ee-857c-00044beca74a.jpg,1
C:/Users/machk/SS_JLAB_WorkSpace/Eindoefening/legoblokken_A\lichtgroen8arch\d5c021de-6cee-11ee-857c-00044beca74a.jpg,1
C:/Users/machk/SS_JLAB_WorkSpace/Eindoefening/legoblokken_A\lichtgroen8arch\d6dbebca-6cee-11ee-857c-00044beca74a.jpg,1
C:/Users/machk/SS_JLAB_WorkSpace/Eindoefening/legoblokken_A\lichtgroen8arch\d7899d1a-6cee-11ee-857c-00044beca74a.jpg,1
C:/Users/machk/SS_JLAB_WorkSpace/Eindoefening/legoblokken_A\lichtgroen8arch\d8217f72-6cee-11ee-857c-00044beca74a.jpg,1
C:/Users/machk/SS_JLAB_WorkSpace/Eindoefening/legoblokken_A\lichtgroen4\070c9344-6cef-11ee-857c-00044beca74a.jpg,2
C:/Users/machk/SS_JLAB_WorkSpace/Eindoefening/legoblokken_A\lichtgroen4\07910e76-6cef-11ee-857c-00044beca74a.jpg,2
C:/Users/machk/SS_JLAB_WorkSpace/Eindoefening/legoblokken_A\lichtgroen4\07f98b2c-6cef-11ee-857c-00044beca74a.jpg,2
C:/Users/machk/SS_JLAB_WorkSpace/Eindoefening/legoblokken_A\lichtgroen4\08955c28-6cef-11ee-857c-00044beca74a.jpg,2
C:/Users/machk/SS_JLAB_WorkSpace/Eindoefening/legoblokken_A\lichtgroen4\0911d17c-6cef-11ee-857c-00044beca74a.jpg,2
C:/Users/machk/SS_JLAB_WorkSpace/Eindoefening/legoblokken_A\lichtgroen4\096ef870-6cef-11ee-857c-00044beca74a.jpg,2
C:/Users/machk/SS_JLAB_WorkSpace/Eindoefening/legoblokken_A\lichtgroen4\09df3180-6cef-11ee-857c-00044beca74a.jpg,2
C:/Users/machk/SS_JLAB_WorkSpace/Eindoefening/legoblokken_A\lichtgroen4\0a5e0a3c-6cef-11ee-857c-00044beca74a.jpg,2
C:/Users/machk/SS_JLAB_WorkSpace/Eindoefening/legoblokken_A\lichtgroen4\0aca90da-6cef-11ee-857c-00044beca74a.jpg,2
C:/Users/machk/SS_JLAB_WorkSpace/Eindoefening/legoblokken_A\lichtgroen4\0b3c1412-6cef-11ee-857c-00044beca74a.jpg,2
C:/Users/machk/SS_JLAB_WorkSpace/Eindoefening/legoblokken_A\lichtgroen4\0b914d88-6cef-11ee-857c-00044beca74a.jpg,2
C:/Users/machk/SS_JLAB_WorkSpace/Eindoefening/legoblokken_A\lichtgroen4\0becfe4e-6cef-11ee-857c-00044beca74a.jpg,2
C:/Users/machk/SS_JLAB_WorkSpace/Eindoefening/legoblokken_A\lichtgroen4\0c4b3874-6cef-11ee-857c-00044beca74a.jpg,2
C:/Users/machk/SS_JLAB_WorkSpace/Eindoefening/legoblokken_A\lichtgroen4\0cabeb2e-6cef-11ee-857c-00044beca74a.jpg,2
C:/Users/machk/SS_JLAB_WorkSpace/Eindoefening/legoblokken_A\lichtgroen4\0d14ded6-6cef-11ee-857c-00044beca74a.jpg,2
C:/Users/machk/SS_JLAB_WorkSpace/Eindoefening/legoblokken_A\lichtgroen4\0d8537d0-6cef-11ee-857c-00044beca74a.jpg,2
C:/Users/machk/SS_JLAB_WorkSpace/Eindoefening/legoblokken_A\lichtgroen4\0e0e3efe-6cef-11ee-857c-00044beca74a.jpg,2
C:/Users/machk/SS_JLAB_WorkSpace/Eindoefening/legoblokken_A\lichtgroen4\1105a50c-6cef-11ee-857c-00044beca74a.jpg,2
C:/Users/machk/SS_JLAB_WorkSpace/Eindoefening/legoblokken_A\lichtgroen4\1165f4e8-6cef-11ee-857c-00044beca74a.jpg,2
C:/Users/machk/SS_JLAB_WorkSpace/Eindoefening/legoblokken_A\lichtgroen4\11ba0ef2-6cef-11ee-857c-00044beca74a.jpg,2
C:/Users/machk/SS_JLAB_WorkSpace/Eindoefening/legoblokken_A\lichtgroen4\121e0510-6cef-11ee-857c-00044beca74a.jpg,2
C:/Users/machk/SS_JLAB_WorkSpace/Eindoefening/legoblokken_A\lichtgroen4\12808f6e-6cef-11ee-857c-00044beca74a.jpg,2
C:/Users/machk/SS_JLAB_WorkSpace/Eindoefening/legoblokken_A\lichtgroen4\12db9922-6cef-11ee-857c-00044beca74a.jpg,2
C:/Users/machk/SS_JLAB_WorkSpace/Eindoefening/legoblokken_A\lichtgroen4\1354d468-6cef-11ee-857c-00044beca74a.jpg,2
C:/Users/machk/SS_JLAB_WorkSpace/Eindoefening/legoblokken_A\lichtgroen4\13bc7424-6cef-11ee-857c-00044beca74a.jpg,2
C:/Users/machk/SS_JLAB_WorkSpace/Eindoefening/legoblokken_A\lichtgroen4\1414f6d0-6cef-11ee-857c-00044beca74a.jpg,2
C:/Users/machk/SS_JLAB_WorkSpace/Eindoefening/legoblokken_A\lichtgroen4\14757cda-6cef-11ee-857c-00044beca74a.jpg,2
C:/Users/machk/SS_JLAB_WorkSpace/Eindoefening/legoblokken_A\lichtgroen4\14d438e2-6cef-11ee-857c-00044beca74a.jpg,2
C:/Users/machk/SS_JLAB_WorkSpace/Eindoefening/legoblokken_A\lichtgroen4\152f9804-6cef-11ee-857c-00044beca74a.jpg,2
C:/Users/machk/SS_JLAB_WorkSpace/Eindoefening/legoblokken_A\lichtgroen4\159553a6-6cef-11ee-857c-00044beca74a.jpg,2
C:/Users/machk/SS_JLAB_WorkSpace/Eindoefening/legoblokken_A\lichtgroen4\15fa058a-6cef-11ee-857c-00044beca74a.jpg,2
C:/Users/machk/SS_JLAB_WorkSpace/Eindoefening/legoblokken_A\lichtgroen4\16653364-6cef-11ee-857c-00044beca74a.jpg,2
C:/Users/machk/SS_JLAB_WorkSpace/Eindoefening/legoblokken_A\lichtgroen4\16c81600-6cef-11ee-857c-00044beca74a.jpg,2
C:/Users/machk/SS_JLAB_WorkSpace/Eindoefening/legoblokken_A\lichtgroen4\1bcb83b2-6cef-11ee-857c-00044beca74a.jpg,2
C:/Users/machk/SS_JLAB_WorkSpace/Eindoefening/legoblokken_A\lichtgroen4\1c1c5e0e-6cef-11ee-857c-00044beca74a.jpg,2
C:/Users/machk/SS_JLAB_WorkSpace/Eindoefening/legoblokken_A\lichtgroen4\1c6e1cbc-6cef-11ee-857c-00044beca74a.jpg,2
C:/Users/machk/SS_JLAB_WorkSpace/Eindoefening/legoblokken_A\lichtgroen4\1cc90e06-6cef-11ee-857c-00044beca74a.jpg,2
C:/Users/machk/SS_JLAB_WorkSpace/Eindoefening/legoblokken_A\lichtgroen4\1d7c5eca-6cef-11ee-857c-00044beca74a.jpg,2
C:/Users/machk/SS_JLAB_WorkSpace/Eindoefening/legoblokken_A\lichtgroen4\1dd80e82-6cef-11ee-857c-00044beca74a.jpg,2
C:/Users/machk/SS_JLAB_WorkSpace/Eindoefening/legoblokken_A\lichtgroen4\1e29033c-6cef-11ee-857c-00044beca74a.jpg,2
C:/Users/machk/SS_JLAB_WorkSpace/Eindoefening/legoblokken_A\lichtgroen4\1e825c48-6cef-11ee-857c-00044beca74a.jpg,2
C:/Users/machk/SS_JLAB_WorkSpace/Eindoefening/legoblokken_A\lichtgroen4\1ecb327e-6cef-11ee-857c-00044beca74a.jpg,2
C:/Users/machk/SS_JLAB_WorkSpace/Eindoefening/legoblokken_A\lichtgroen4\1f1add74-6cef-11ee-857c-00044beca74a.jpg,2
C:/Users/machk/SS_JLAB_WorkSpace/Eindoefening/legoblokken_A\lichtgroen4\1f69114c-6cef-11ee-857c-00044beca74a.jpg,2
C:/Users/machk/SS_JLAB_WorkSpace/Eindoefening/legoblokken_A\lichtgroen4\1fc0aeca-6cef-11ee-857c-00044beca74a.jpg,2
C:/Users/machk/SS_JLAB_WorkSpace/Eindoefening/legoblokken_A\lichtgroen4\200fe508-6cef-11ee-857c-00044beca74a.jpg,2
C:/Users/machk/SS_JLAB_WorkSpace/Eindoefening/legoblokken_A\lichtgroen4\205e9900-6cef-11ee-857c-00044beca74a.jpg,2
C:/Users/machk/SS_JLAB_WorkSpace/Eindoefening/legoblokken_A\lichtgroen4\e0744cc2-6cee-11ee-857c-00044beca74a.jpg,2
C:/Users/machk/SS_JLAB_WorkSpace/Eindoefening/legoblokken_A\lichtgroen4\e155b68a-6cee-11ee-857c-00044beca74a.jpg,2
C:/Users/machk/SS_JLAB_WorkSpace/Eindoefening/legoblokken_A\lichtgroen4\e20240bc-6cee-11ee-857c-00044beca74a.jpg,2
C:/Users/machk/SS_JLAB_WorkSpace/Eindoefening/legoblokken_A\lichtgroen4\e27c14fa-6cee-11ee-857c-00044beca74a.jpg,2
C:/Users/machk/SS_JLAB_WorkSpace/Eindoefening/legoblokken_A\lichtgroen4\e2efda98-6cee-11ee-857c-00044beca74a.jpg,2
C:/Users/machk/SS_JLAB_WorkSpace/Eindoefening/legoblokken_A\lichtgroen4\e36ad4dc-6cee-11ee-857c-00044beca74a.jpg,2
C:/Users/machk/SS_JLAB_WorkSpace/Eindoefening/legoblokken_A\lichtgroen4\e3dfc2ba-6cee-11ee-857c-00044beca74a.jpg,2
C:/Users/machk/SS_JLAB_WorkSpace/Eindoefening/legoblokken_A\lichtgroen4\e432c654-6cee-11ee-857c-00044beca74a.jpg,2
C:/Users/machk/SS_JLAB_WorkSpace/Eindoefening/legoblokken_A\lichtgroen4\e4fd2962-6cee-11ee-857c-00044beca74a.jpg,2
C:/Users/machk/SS_JLAB_WorkSpace/Eindoefening/legoblokken_A\lichtgroen4\e566edb6-6cee-11ee-857c-00044beca74a.jpg,2
C:/Users/machk/SS_JLAB_WorkSpace/Eindoefening/legoblokken_A\lichtgroen4\e5dee1ae-6cee-11ee-857c-00044beca74a.jpg,2
C:/Users/machk/SS_JLAB_WorkSpace/Eindoefening/legoblokken_A\lichtgroen4\e6505140-6cee-11ee-857c-00044beca74a.jpg,2
C:/Users/machk/SS_JLAB_WorkSpace/Eindoefening/legoblokken_A\lichtgroen4\e6c2bde8-6cee-11ee-857c-00044beca74a.jpg,2
C:/Users/machk/SS_JLAB_WorkSpace/Eindoefening/legoblokken_A\lichtgroen4\e994e8a2-6cee-11ee-857c-00044beca74a.jpg,2
C:/Users/machk/SS_JLAB_WorkSpace/Eindoefening/legoblokken_A\lichtgroen4\ea34f342-6cee-11ee-857c-00044beca74a.jpg,2
C:/Users/machk/SS_JLAB_WorkSpace/Eindoefening/legoblokken_A\lichtgroen4\ea78e6c4-6cee-11ee-857c-00044beca74a.jpg,2
C:/Users/machk/SS_JLAB_WorkSpace/Eindoefening/legoblokken_A\lichtgroen4\ead76672-6cee-11ee-857c-00044beca74a.jpg,2
C:/Users/machk/SS_JLAB_WorkSpace/Eindoefening/legoblokken_A\lichtgroen4\eb39605c-6cee-11ee-857c-00044beca74a.jpg,2
C:/Users/machk/SS_JLAB_WorkSpace/Eindoefening/legoblokken_A\lichtgroen4\eb9e0516-6cee-11ee-857c-00044beca74a.jpg,2
C:/Users/machk/SS_JLAB_WorkSpace/Eindoefening/legoblokken_A\lichtgroen4\ec0b21c8-6cee-11ee-857c-00044beca74a.jpg,2
C:/Users/machk/SS_JLAB_WorkSpace/Eindoefening/legoblokken_A\lichtgroen4\ec7afe94-6cee-11ee-857c-00044beca74a.jpg,2
C:/Users/machk/SS_JLAB_WorkSpace/Eindoefening/legoblokken_A\lichtgroen4\ecd6cb48-6cee-11ee-857c-00044beca74a.jpg,2
C:/Users/machk/SS_JLAB_WorkSpace/Eindoefening/legoblokken_A\lichtgroen4\ed2fcdec-6cee-11ee-857c-00044beca74a.jpg,2
C:/Users/machk/SS_JLAB_WorkSpace/Eindoefening/legoblokken_A\lichtgroen4\ed88a5ac-6cee-11ee-857c-00044beca74a.jpg,2
C:/Users/machk/SS_JLAB_WorkSpace/Eindoefening/legoblokken_A\lichtgroen4\edebf36e-6cee-11ee-857c-00044beca74a.jpg,2
C:/Users/machk/SS_JLAB_WorkSpace/Eindoefening/legoblokken_A\lichtgroen4\ee42a74a-6cee-11ee-857c-00044beca74a.jpg,2
C:/Users/machk/SS_JLAB_WorkSpace/Eindoefening/legoblokken_A\lichtgroen4\ee9f3fe6-6cee-11ee-857c-00044beca74a.jpg,2
C:/Users/machk/SS_JLAB_WorkSpace/Eindoefening/legoblokken_A\lichtgroen4\eef44ba8-6cee-11ee-857c-00044beca74a.jpg,2
C:/Users/machk/SS_JLAB_WorkSpace/Eindoefening/legoblokken_A\lichtgroen4\f2074d36-6cee-11ee-857c-00044beca74a.jpg,2
C:/Users/machk/SS_JLAB_WorkSpace/Eindoefening/legoblokken_A\lichtgroen4\f269b336-6cee-11ee-857c-00044beca74a.jpg,2
C:/Users/machk/SS_JLAB_WorkSpace/Eindoefening/legoblokken_A\lichtgroen4\f2d3e51c-6cee-11ee-857c-00044beca74a.jpg,2
C:/Users/machk/SS_JLAB_WorkSpace/Eindoefening/legoblokken_A\lichtgroen4\f33f752a-6cee-11ee-857c-00044beca74a.jpg,2
C:/Users/machk/SS_JLAB_WorkSpace/Eindoefening/legoblokken_A\lichtgroen4\f3b55ede-6cee-11ee-857c-00044beca74a.jpg,2
C:/Users/machk/SS_JLAB_WorkSpace/Eindoefening/legoblokken_A\lichtgroen4\f4274300-6cee-11ee-857c-00044beca74a.jpg,2
C:/Users/machk/SS_JLAB_WorkSpace/Eindoefening/legoblokken_A\lichtgroen4\f496ed22-6cee-11ee-857c-00044beca74a.jpg,2
C:/Users/machk/SS_JLAB_WorkSpace/Eindoefening/legoblokken_A\lichtgroen4\f50db998-6cee-11ee-857c-00044beca74a.jpg,2
C:/Users/machk/SS_JLAB_WorkSpace/Eindoefening/legoblokken_A\lichtgroen4\f56bb2e6-6cee-11ee-857c-00044beca74a.jpg,2
C:/Users/machk/SS_JLAB_WorkSpace/Eindoefening/legoblokken_A\lichtgroen4\f5c50c06-6cee-11ee-857c-00044beca74a.jpg,2
C:/Users/machk/SS_JLAB_WorkSpace/Eindoefening/legoblokken_A\lichtgroen4\f61b062e-6cee-11ee-857c-00044beca74a.jpg,2
C:/Users/machk/SS_JLAB_WorkSpace/Eindoefening/legoblokken_A\lichtgroen4\f663262a-6cee-11ee-857c-00044beca74a.jpg,2
C:/Users/machk/SS_JLAB_WorkSpace/Eindoefening/legoblokken_A\lichtgroen4\f6bd841c-6cee-11ee-857c-00044beca74a.jpg,2
C:/Users/machk/SS_JLAB_WorkSpace/Eindoefening/legoblokken_A\lichtgroen4\f716179e-6cee-11ee-857c-00044beca74a.jpg,2
C:/Users/machk/SS_JLAB_WorkSpace/Eindoefening/legoblokken_A\lichtgroen4\f7719f24-6cee-11ee-857c-00044beca74a.jpg,2
C:/Users/machk/SS_JLAB_WorkSpace/Eindoefening/legoblokken_A\lichtgroen4\f7cb1612-6cee-11ee-857c-00044beca74a.jpg,2
C:/Users/machk/SS_JLAB_WorkSpace/Eindoefening/legoblokken_A\lichtgroen4\f8225fa8-6cee-11ee-857c-00044beca74a.jpg,2
C:/Users/machk/SS_JLAB_WorkSpace/Eindoefening/legoblokken_A\lichtgroen4\f887ef6c-6cee-11ee-857c-00044beca74a.jpg,2
C:/Users/machk/SS_JLAB_WorkSpace/Eindoefening/legoblokken_A\lichtgroen4\f8e17dd4-6cee-11ee-857c-00044beca74a.jpg,2
C:/Users/machk/SS_JLAB_WorkSpace/Eindoefening/legoblokken_A\lichtgroen4\f92beae0-6cee-11ee-857c-00044beca74a.jpg,2
C:/Users/machk/SS_JLAB_WorkSpace/Eindoefening/legoblokken_A\lichtgroen4\f98af7ba-6cee-11ee-857c-00044beca74a.jpg,2
C:/Users/machk/SS_JLAB_WorkSpace/Eindoefening/legoblokken_A\lichtgroen4\f9e8985c-6cee-11ee-857c-00044beca74a.jpg,2
C:/Users/machk/SS_JLAB_WorkSpace/Eindoefening/legoblokken_A\groen4\272514b2-6cef-11ee-857c-00044beca74a.jpg,3
C:/Users/machk/SS_JLAB_WorkSpace/Eindoefening/legoblokken_A\groen4\27afb75c-6cef-11ee-857c-00044beca74a.jpg,3
C:/Users/machk/SS_JLAB_WorkSpace/Eindoefening/legoblokken_A\groen4\2828741c-6cef-11ee-857c-00044beca74a.jpg,3
C:/Users/machk/SS_JLAB_WorkSpace/Eindoefening/legoblokken_A\groen4\28a8a66e-6cef-11ee-857c-00044beca74a.jpg,3
C:/Users/machk/SS_JLAB_WorkSpace/Eindoefening/legoblokken_A\groen4\2918dd3a-6cef-11ee-857c-00044beca74a.jpg,3
C:/Users/machk/SS_JLAB_WorkSpace/Eindoefening/legoblokken_A\groen4\2979ce92-6cef-11ee-857c-00044beca74a.jpg,3
C:/Users/machk/SS_JLAB_WorkSpace/Eindoefening/legoblokken_A\groen4\29d4ec96-6cef-11ee-857c-00044beca74a.jpg,3
C:/Users/machk/SS_JLAB_WorkSpace/Eindoefening/legoblokken_A\groen4\2a396806-6cef-11ee-857c-00044beca74a.jpg,3
C:/Users/machk/SS_JLAB_WorkSpace/Eindoefening/legoblokken_A\groen4\2aa074e2-6cef-11ee-857c-00044beca74a.jpg,3
C:/Users/machk/SS_JLAB_WorkSpace/Eindoefening/legoblokken_A\groen4\2b00dcf6-6cef-11ee-857c-00044beca74a.jpg,3
C:/Users/machk/SS_JLAB_WorkSpace/Eindoefening/legoblokken_A\groen4\2b62c830-6cef-11ee-857c-00044beca74a.jpg,3
C:/Users/machk/SS_JLAB_WorkSpace/Eindoefening/legoblokken_A\groen4\2bc7440e-6cef-11ee-857c-00044beca74a.jpg,3
C:/Users/machk/SS_JLAB_WorkSpace/Eindoefening/legoblokken_A\groen4\2c292458-6cef-11ee-857c-00044beca74a.jpg,3
C:/Users/machk/SS_JLAB_WorkSpace/Eindoefening/legoblokken_A\groen4\2c889d5c-6cef-11ee-857c-00044beca74a.jpg,3
C:/Users/machk/SS_JLAB_WorkSpace/Eindoefening/legoblokken_A\groen4\2cdbd9cc-6cef-11ee-857c-00044beca74a.jpg,3
C:/Users/machk/SS_JLAB_WorkSpace/Eindoefening/legoblokken_A\groen4\2d330eae-6cef-11ee-857c-00044beca74a.jpg,3
C:/Users/machk/SS_JLAB_WorkSpace/Eindoefening/legoblokken_A\groen4\2d926430-6cef-11ee-857c-00044beca74a.jpg,3
C:/Users/machk/SS_JLAB_WorkSpace/Eindoefening/legoblokken_A\groen4\2df8f0a6-6cef-11ee-857c-00044beca74a.jpg,3
C:/Users/machk/SS_JLAB_WorkSpace/Eindoefening/legoblokken_A\groen4\2e5f0aee-6cef-11ee-857c-00044beca74a.jpg,3
C:/Users/machk/SS_JLAB_WorkSpace/Eindoefening/legoblokken_A\groen4\2eb510e2-6cef-11ee-857c-00044beca74a.jpg,3
C:/Users/machk/SS_JLAB_WorkSpace/Eindoefening/legoblokken_A\groen4\2f2357b4-6cef-11ee-857c-00044beca74a.jpg,3
C:/Users/machk/SS_JLAB_WorkSpace/Eindoefening/legoblokken_A\groen4\2f8d43f4-6cef-11ee-857c-00044beca74a.jpg,3
C:/Users/machk/SS_JLAB_WorkSpace/Eindoefening/legoblokken_A\groen4\34943ec0-6cef-11ee-857c-00044beca74a.jpg,3
C:/Users/machk/SS_JLAB_WorkSpace/Eindoefening/legoblokken_A\groen4\350990e4-6cef-11ee-857c-00044beca74a.jpg,3
C:/Users/machk/SS_JLAB_WorkSpace/Eindoefening/legoblokken_A\groen4\35699f48-6cef-11ee-857c-00044beca74a.jpg,3
C:/Users/machk/SS_JLAB_WorkSpace/Eindoefening/legoblokken_A\groen4\35c20b92-6cef-11ee-857c-00044beca74a.jpg,3
C:/Users/machk/SS_JLAB_WorkSpace/Eindoefening/legoblokken_A\groen4\3618b49c-6cef-11ee-857c-00044beca74a.jpg,3
C:/Users/machk/SS_JLAB_WorkSpace/Eindoefening/legoblokken_A\groen4\36726dde-6cef-11ee-857c-00044beca74a.jpg,3
C:/Users/machk/SS_JLAB_WorkSpace/Eindoefening/legoblokken_A\groen4\36d77fee-6cef-11ee-857c-00044beca74a.jpg,3
C:/Users/machk/SS_JLAB_WorkSpace/Eindoefening/legoblokken_A\groen4\37341a10-6cef-11ee-857c-00044beca74a.jpg,3
C:/Users/machk/SS_JLAB_WorkSpace/Eindoefening/legoblokken_A\groen4\3794eba6-6cef-11ee-857c-00044beca74a.jpg,3
C:/Users/machk/SS_JLAB_WorkSpace/Eindoefening/legoblokken_A\groen4\37f2f2a0-6cef-11ee-857c-00044beca74a.jpg,3
C:/Users/machk/SS_JLAB_WorkSpace/Eindoefening/legoblokken_A\groen4\384e4740-6cef-11ee-857c-00044beca74a.jpg,3
C:/Users/machk/SS_JLAB_WorkSpace/Eindoefening/legoblokken_A\groen4\38a6607e-6cef-11ee-857c-00044beca74a.jpg,3
C:/Users/machk/SS_JLAB_WorkSpace/Eindoefening/legoblokken_A\groen4\3901c374-6cef-11ee-857c-00044beca74a.jpg,3
C:/Users/machk/SS_JLAB_WorkSpace/Eindoefening/legoblokken_A\groen4\395d75e8-6cef-11ee-857c-00044beca74a.jpg,3
C:/Users/machk/SS_JLAB_WorkSpace/Eindoefening/legoblokken_A\groen4\39bdfb20-6cef-11ee-857c-00044beca74a.jpg,3
C:/Users/machk/SS_JLAB_WorkSpace/Eindoefening/legoblokken_A\groen4\3a20e91a-6cef-11ee-857c-00044beca74a.jpg,3
C:/Users/machk/SS_JLAB_WorkSpace/Eindoefening/legoblokken_A\groen4\3a953d06-6cef-11ee-857c-00044beca74a.jpg,3
C:/Users/machk/SS_JLAB_WorkSpace/Eindoefening/legoblokken_A\groen4\3db350d6-6cef-11ee-857c-00044beca74a.jpg,3
C:/Users/machk/SS_JLAB_WorkSpace/Eindoefening/legoblokken_A\groen4\3e254d30-6cef-11ee-857c-00044beca74a.jpg,3
C:/Users/machk/SS_JLAB_WorkSpace/Eindoefening/legoblokken_A\groen4\3ea10fd8-6cef-11ee-857c-00044beca74a.jpg,3
C:/Users/machk/SS_JLAB_WorkSpace/Eindoefening/legoblokken_A\groen4\3f28de04-6cef-11ee-857c-00044beca74a.jpg,3
C:/Users/machk/SS_JLAB_WorkSpace/Eindoefening/legoblokken_A\groen4\3f9b4d9a-6cef-11ee-857c-00044beca74a.jpg,3
C:/Users/machk/SS_JLAB_WorkSpace/Eindoefening/legoblokken_A\groen4\40016fb2-6cef-11ee-857c-00044beca74a.jpg,3
C:/Users/machk/SS_JLAB_WorkSpace/Eindoefening/legoblokken_A\groen4\4066e658-6cef-11ee-857c-00044beca74a.jpg,3
C:/Users/machk/SS_JLAB_WorkSpace/Eindoefening/legoblokken_A\groen4\40b709b2-6cef-11ee-857c-00044beca74a.jpg,3
C:/Users/machk/SS_JLAB_WorkSpace/Eindoefening/legoblokken_A\groen4\4112b9d8-6cef-11ee-857c-00044beca74a.jpg,3
C:/Users/machk/SS_JLAB_WorkSpace/Eindoefening/legoblokken_A\groen4\41a12b46-6cef-11ee-857c-00044beca74a.jpg,3
C:/Users/machk/SS_JLAB_WorkSpace/Eindoefening/legoblokken_A\groen4\421e7a74-6cef-11ee-857c-00044beca74a.jpg,3
C:/Users/machk/SS_JLAB_WorkSpace/Eindoefening/legoblokken_A\groen4\4297f034-6cef-11ee-857c-00044beca74a.jpg,3
C:/Users/machk/SS_JLAB_WorkSpace/Eindoefening/legoblokken_A\groen4\43015312-6cef-11ee-857c-00044beca74a.jpg,3
C:/Users/machk/SS_JLAB_WorkSpace/Eindoefening/legoblokken_A\groen4\436ace00-6cef-11ee-857c-00044beca74a.jpg,3
C:/Users/machk/SS_JLAB_WorkSpace/Eindoefening/legoblokken_A\groen4\43c7b052-6cef-11ee-857c-00044beca74a.jpg,3
C:/Users/machk/SS_JLAB_WorkSpace/Eindoefening/legoblokken_A\groen4\4426c0f6-6cef-11ee-857c-00044beca74a.jpg,3
C:/Users/machk/SS_JLAB_WorkSpace/Eindoefening/legoblokken_A\groen4\56572194-6cef-11ee-857c-00044beca74a.jpg,3
C:/Users/machk/SS_JLAB_WorkSpace/Eindoefening/legoblokken_A\groen4\5e055672-6cef-11ee-857c-00044beca74a.jpg,3
C:/Users/machk/SS_JLAB_WorkSpace/Eindoefening/legoblokken_A\groen4\5eb6ae4a-6cef-11ee-857c-00044beca74a.jpg,3
C:/Users/machk/SS_JLAB_WorkSpace/Eindoefening/legoblokken_A\groen4\5f1c76b2-6cef-11ee-857c-00044beca74a.jpg,3
C:/Users/machk/SS_JLAB_WorkSpace/Eindoefening/legoblokken_A\groen4\5f7551a6-6cef-11ee-857c-00044beca74a.jpg,3
C:/Users/machk/SS_JLAB_WorkSpace/Eindoefening/legoblokken_A\groen4\5fd91d08-6cef-11ee-857c-00044beca74a.jpg,3
C:/Users/machk/SS_JLAB_WorkSpace/Eindoefening/legoblokken_A\groen4\603a9542-6cef-11ee-857c-00044beca74a.jpg,3
C:/Users/machk/SS_JLAB_WorkSpace/Eindoefening/legoblokken_A\groen4\6093e700-6cef-11ee-857c-00044beca74a.jpg,3
C:/Users/machk/SS_JLAB_WorkSpace/Eindoefening/legoblokken_A\groen4\60f95c98-6cef-11ee-857c-00044beca74a.jpg,3
C:/Users/machk/SS_JLAB_WorkSpace/Eindoefening/legoblokken_A\groen4\615bcff4-6cef-11ee-857c-00044beca74a.jpg,3
C:/Users/machk/SS_JLAB_WorkSpace/Eindoefening/legoblokken_A\groen4\61c8a2a0-6cef-11ee-857c-00044beca74a.jpg,3
C:/Users/machk/SS_JLAB_WorkSpace/Eindoefening/legoblokken_A\groen4\62315fca-6cef-11ee-857c-00044beca74a.jpg,3
C:/Users/machk/SS_JLAB_WorkSpace/Eindoefening/legoblokken_A\groen4\636b2ab0-6cef-11ee-857c-00044beca74a.jpg,3
C:/Users/machk/SS_JLAB_WorkSpace/Eindoefening/legoblokken_A\groen4\66346d24-6cef-11ee-857c-00044beca74a.jpg,3
C:/Users/machk/SS_JLAB_WorkSpace/Eindoefening/legoblokken_A\groen4\66ab65be-6cef-11ee-857c-00044beca74a.jpg,3
C:/Users/machk/SS_JLAB_WorkSpace/Eindoefening/legoblokken_A\groen4\671cbdcc-6cef-11ee-857c-00044beca74a.jpg,3
C:/Users/machk/SS_JLAB_WorkSpace/Eindoefening/legoblokken_A\groen4\67b05e92-6cef-11ee-857c-00044beca74a.jpg,3
C:/Users/machk/SS_JLAB_WorkSpace/Eindoefening/legoblokken_A\groen4\683432f8-6cef-11ee-857c-00044beca74a.jpg,3
C:/Users/machk/SS_JLAB_WorkSpace/Eindoefening/legoblokken_A\groen4\68bb0b02-6cef-11ee-857c-00044beca74a.jpg,3
C:/Users/machk/SS_JLAB_WorkSpace/Eindoefening/legoblokken_A\groen4\692f3a36-6cef-11ee-857c-00044beca74a.jpg,3
C:/Users/machk/SS_JLAB_WorkSpace/Eindoefening/legoblokken_A\groen4\69b6cdde-6cef-11ee-857c-00044beca74a.jpg,3
C:/Users/machk/SS_JLAB_WorkSpace/Eindoefening/legoblokken_A\groen4\6a2187d2-6cef-11ee-857c-00044beca74a.jpg,3
C:/Users/machk/SS_JLAB_WorkSpace/Eindoefening/legoblokken_A\groen4\6a916750-6cef-11ee-857c-00044beca74a.jpg,3
C:/Users/machk/SS_JLAB_WorkSpace/Eindoefening/legoblokken_A\groen4\6af85532-6cef-11ee-857c-00044beca74a.jpg,3
C:/Users/machk/SS_JLAB_WorkSpace/Eindoefening/legoblokken_A\groen4\6b67daec-6cef-11ee-857c-00044beca74a.jpg,3
C:/Users/machk/SS_JLAB_WorkSpace/Eindoefening/legoblokken_A\groen4\6bdc1858-6cef-11ee-857c-00044beca74a.jpg,3
C:/Users/machk/SS_JLAB_WorkSpace/Eindoefening/legoblokken_A\groen4\6c3ca722-6cef-11ee-857c-00044beca74a.jpg,3
C:/Users/machk/SS_JLAB_WorkSpace/Eindoefening/legoblokken_A\groen4\91ec970c-6cef-11ee-857c-00044beca74a.jpg,3
C:/Users/machk/SS_JLAB_WorkSpace/Eindoefening/legoblokken_A\groen4\9246ec48-6cef-11ee-857c-00044beca74a.jpg,3
C:/Users/machk/SS_JLAB_WorkSpace/Eindoefening/legoblokken_A\groen4\92a47804-6cef-11ee-857c-00044beca74a.jpg,3
C:/Users/machk/SS_JLAB_WorkSpace/Eindoefening/legoblokken_A\groen4\92f24a2a-6cef-11ee-857c-00044beca74a.jpg,3
C:/Users/machk/SS_JLAB_WorkSpace/Eindoefening/legoblokken_A\groen4\934f8348-6cef-11ee-857c-00044beca74a.jpg,3
C:/Users/machk/SS_JLAB_WorkSpace/Eindoefening/legoblokken_A\groen4\93946fbc-6cef-11ee-857c-00044beca74a.jpg,3
C:/Users/machk/SS_JLAB_WorkSpace/Eindoefening/legoblokken_A\groen4\93e2795a-6cef-11ee-857c-00044beca74a.jpg,3
C:/Users/machk/SS_JLAB_WorkSpace/Eindoefening/legoblokken_A\groen4\942ec6b6-6cef-11ee-857c-00044beca74a.jpg,3
C:/Users/machk/SS_JLAB_WorkSpace/Eindoefening/legoblokken_A\groen4\9472e10c-6cef-11ee-857c-00044beca74a.jpg,3
C:/Users/machk/SS_JLAB_WorkSpace/Eindoefening/legoblokken_A\groen4\94c29cba-6cef-11ee-857c-00044beca74a.jpg,3
C:/Users/machk/SS_JLAB_WorkSpace/Eindoefening/legoblokken_A\groen4\95080174-6cef-11ee-857c-00044beca74a.jpg,3
C:/Users/machk/SS_JLAB_WorkSpace/Eindoefening/legoblokken_A\groen4\954a4a16-6cef-11ee-857c-00044beca74a.jpg,3
C:/Users/machk/SS_JLAB_WorkSpace/Eindoefening/legoblokken_A\groen4\958e932e-6cef-11ee-857c-00044beca74a.jpg,3
C:/Users/machk/SS_JLAB_WorkSpace/Eindoefening/legoblokken_A\groen4\95d99f2c-6cef-11ee-857c-00044beca74a.jpg,3
C:/Users/machk/SS_JLAB_WorkSpace/Eindoefening/legoblokken_A\groen4\9630a9b6-6cef-11ee-857c-00044beca74a.jpg,3
C:/Users/machk/SS_JLAB_WorkSpace/Eindoefening/legoblokken_A\groen4\96760600-6cef-11ee-857c-00044beca74a.jpg,3
C:/Users/machk/SS_JLAB_WorkSpace/Eindoefening/legoblokken_A\groen4\96c6e6ec-6cef-11ee-857c-00044beca74a.jpg,3
C:/Users/machk/SS_JLAB_WorkSpace/Eindoefening/legoblokken_A\groen4\9b7ca488-6cef-11ee-857c-00044beca74a.jpg,3
C:/Users/machk/SS_JLAB_WorkSpace/Eindoefening/legoblokken_A\groen4\9bee3a9e-6cef-11ee-857c-00044beca74a.jpg,3
C:/Users/machk/SS_JLAB_WorkSpace/Eindoefening/legoblokken_A\groen4\9c404a46-6cef-11ee-857c-00044beca74a.jpg,3
C:/Users/machk/SS_JLAB_WorkSpace/Eindoefening/legoblokken_A\groen4\9ca2e570-6cef-11ee-857c-00044beca74a.jpg,3
C:/Users/machk/SS_JLAB_WorkSpace/Eindoefening/legoblokken_A\groen4\9cefefa0-6cef-11ee-857c-00044beca74a.jpg,3
C:/Users/machk/SS_JLAB_WorkSpace/Eindoefening/legoblokken_A\groen4\9d4a4e82-6cef-11ee-857c-00044beca74a.jpg,3
C:/Users/machk/SS_JLAB_WorkSpace/Eindoefening/legoblokken_A\groen4\9da3ad2e-6cef-11ee-857c-00044beca74a.jpg,3
C:/Users/machk/SS_JLAB_WorkSpace/Eindoefening/legoblokken_A\groen4\9dfaf502-6cef-11ee-857c-00044beca74a.jpg,3
C:/Users/machk/SS_JLAB_WorkSpace/Eindoefening/legoblokken_A\groen4\9e5545d4-6cef-11ee-857c-00044beca74a.jpg,3
C:/Users/machk/SS_JLAB_WorkSpace/Eindoefening/legoblokken_A\groen4\9eb42b6c-6cef-11ee-857c-00044beca74a.jpg,3
C:/Users/machk/SS_JLAB_WorkSpace/Eindoefening/legoblokken_A\geel4\a3d12500-6cef-11ee-857c-00044beca74a.jpg,4
C:/Users/machk/SS_JLAB_WorkSpace/Eindoefening/legoblokken_A\geel4\a492fb62-6cef-11ee-857c-00044beca74a.jpg,4
C:/Users/machk/SS_JLAB_WorkSpace/Eindoefening/legoblokken_A\geel4\a4ee1880-6cef-11ee-857c-00044beca74a.jpg,4
C:/Users/machk/SS_JLAB_WorkSpace/Eindoefening/legoblokken_A\geel4\a5588b16-6cef-11ee-857c-00044beca74a.jpg,4
C:/Users/machk/SS_JLAB_WorkSpace/Eindoefening/legoblokken_A\geel4\a5acce42-6cef-11ee-857c-00044beca74a.jpg,4
C:/Users/machk/SS_JLAB_WorkSpace/Eindoefening/legoblokken_A\geel4\a600a26a-6cef-11ee-857c-00044beca74a.jpg,4
C:/Users/machk/SS_JLAB_WorkSpace/Eindoefening/legoblokken_A\geel4\a651bdd0-6cef-11ee-857c-00044beca74a.jpg,4
C:/Users/machk/SS_JLAB_WorkSpace/Eindoefening/legoblokken_A\geel4\a6a3385e-6cef-11ee-857c-00044beca74a.jpg,4
C:/Users/machk/SS_JLAB_WorkSpace/Eindoefening/legoblokken_A\geel4\a6f5a3b4-6cef-11ee-857c-00044beca74a.jpg,4
C:/Users/machk/SS_JLAB_WorkSpace/Eindoefening/legoblokken_A\geel4\a74601ce-6cef-11ee-857c-00044beca74a.jpg,4
C:/Users/machk/SS_JLAB_WorkSpace/Eindoefening/legoblokken_A\geel4\a79c748c-6cef-11ee-857c-00044beca74a.jpg,4
C:/Users/machk/SS_JLAB_WorkSpace/Eindoefening/legoblokken_A\geel4\a7efbc46-6cef-11ee-857c-00044beca74a.jpg,4
C:/Users/machk/SS_JLAB_WorkSpace/Eindoefening/legoblokken_A\geel4\a83c1e06-6cef-11ee-857c-00044beca74a.jpg,4
C:/Users/machk/SS_JLAB_WorkSpace/Eindoefening/legoblokken_A\geel4\a8926c98-6cef-11ee-857c-00044beca74a.jpg,4
C:/Users/machk/SS_JLAB_WorkSpace/Eindoefening/legoblokken_A\geel4\a8ebe5f2-6cef-11ee-857c-00044beca74a.jpg,4
C:/Users/machk/SS_JLAB_WorkSpace/Eindoefening/legoblokken_A\geel4\a93f2564-6cef-11ee-857c-00044beca74a.jpg,4
C:/Users/machk/SS_JLAB_WorkSpace/Eindoefening/legoblokken_A\geel4\a97f3c3a-6cef-11ee-857c-00044beca74a.jpg,4
C:/Users/machk/SS_JLAB_WorkSpace/Eindoefening/legoblokken_A\geel4\a9cbb9ca-6cef-11ee-857c-00044beca74a.jpg,4
C:/Users/machk/SS_JLAB_WorkSpace/Eindoefening/legoblokken_A\geel4\aa17fc40-6cef-11ee-857c-00044beca74a.jpg,4
C:/Users/machk/SS_JLAB_WorkSpace/Eindoefening/legoblokken_A\geel4\aa5c2032-6cef-11ee-857c-00044beca74a.jpg,4
C:/Users/machk/SS_JLAB_WorkSpace/Eindoefening/legoblokken_A\geel4\aaa8f9c0-6cef-11ee-857c-00044beca74a.jpg,4
C:/Users/machk/SS_JLAB_WorkSpace/Eindoefening/legoblokken_A\geel4\aaea4740-6cef-11ee-857c-00044beca74a.jpg,4
C:/Users/machk/SS_JLAB_WorkSpace/Eindoefening/legoblokken_A\geel4\ab333126-6cef-11ee-857c-00044beca74a.jpg,4
C:/Users/machk/SS_JLAB_WorkSpace/Eindoefening/legoblokken_A\geel4\ab86446a-6cef-11ee-857c-00044beca74a.jpg,4
C:/Users/machk/SS_JLAB_WorkSpace/Eindoefening/legoblokken_A\geel4\abd9531c-6cef-11ee-857c-00044beca74a.jpg,4
C:/Users/machk/SS_JLAB_WorkSpace/Eindoefening/legoblokken_A\geel4\ac28a246-6cef-11ee-857c-00044beca74a.jpg,4
C:/Users/machk/SS_JLAB_WorkSpace/Eindoefening/legoblokken_A\geel4\ac78942c-6cef-11ee-857c-00044beca74a.jpg,4
C:/Users/machk/SS_JLAB_WorkSpace/Eindoefening/legoblokken_A\geel4\acc83a7c-6cef-11ee-857c-00044beca74a.jpg,4
C:/Users/machk/SS_JLAB_WorkSpace/Eindoefening/legoblokken_A\geel4\ad21cc18-6cef-11ee-857c-00044beca74a.jpg,4
C:/Users/machk/SS_JLAB_WorkSpace/Eindoefening/legoblokken_A\geel4\ad733fbc-6cef-11ee-857c-00044beca74a.jpg,4
C:/Users/machk/SS_JLAB_WorkSpace/Eindoefening/legoblokken_A\geel4\b4e1ee10-6cef-11ee-857c-00044beca74a.jpg,4
C:/Users/machk/SS_JLAB_WorkSpace/Eindoefening/legoblokken_A\geel4\b5286fd4-6cef-11ee-857c-00044beca74a.jpg,4
C:/Users/machk/SS_JLAB_WorkSpace/Eindoefening/legoblokken_A\geel4\b5840060-6cef-11ee-857c-00044beca74a.jpg,4
C:/Users/machk/SS_JLAB_WorkSpace/Eindoefening/legoblokken_A\geel4\b5d7576a-6cef-11ee-857c-00044beca74a.jpg,4
C:/Users/machk/SS_JLAB_WorkSpace/Eindoefening/legoblokken_A\geel4\b62c1886-6cef-11ee-857c-00044beca74a.jpg,4
C:/Users/machk/SS_JLAB_WorkSpace/Eindoefening/legoblokken_A\geel4\b67ad32c-6cef-11ee-857c-00044beca74a.jpg,4
C:/Users/machk/SS_JLAB_WorkSpace/Eindoefening/legoblokken_A\geel4\b6cf68ec-6cef-11ee-857c-00044beca74a.jpg,4
C:/Users/machk/SS_JLAB_WorkSpace/Eindoefening/legoblokken_A\geel4\b732b474-6cef-11ee-857c-00044beca74a.jpg,4
C:/Users/machk/SS_JLAB_WorkSpace/Eindoefening/legoblokken_A\geel4\b7840a86-6cef-11ee-857c-00044beca74a.jpg,4
C:/Users/machk/SS_JLAB_WorkSpace/Eindoefening/legoblokken_A\geel4\b7ccbc18-6cef-11ee-857c-00044beca74a.jpg,4
C:/Users/machk/SS_JLAB_WorkSpace/Eindoefening/legoblokken_A\geel4\b81f72dc-6cef-11ee-857c-00044beca74a.jpg,4
C:/Users/machk/SS_JLAB_WorkSpace/Eindoefening/legoblokken_A\geel4\b874aec8-6cef-11ee-857c-00044beca74a.jpg,4
C:/Users/machk/SS_JLAB_WorkSpace/Eindoefening/legoblokken_A\geel4\b8da6e84-6cef-11ee-857c-00044beca74a.jpg,4
C:/Users/machk/SS_JLAB_WorkSpace/Eindoefening/legoblokken_A\geel4\b92c5a0a-6cef-11ee-857c-00044beca74a.jpg,4
C:/Users/machk/SS_JLAB_WorkSpace/Eindoefening/legoblokken_A\geel4\b978b486-6cef-11ee-857c-00044beca74a.jpg,4
C:/Users/machk/SS_JLAB_WorkSpace/Eindoefening/legoblokken_A\geel4\b9d1bbb2-6cef-11ee-857c-00044beca74a.jpg,4
C:/Users/machk/SS_JLAB_WorkSpace/Eindoefening/legoblokken_A\geel4\ba254688-6cef-11ee-857c-00044beca74a.jpg,4
C:/Users/machk/SS_JLAB_WorkSpace/Eindoefening/legoblokken_A\geel4\ba7b3f0c-6cef-11ee-857c-00044beca74a.jpg,4
C:/Users/machk/SS_JLAB_WorkSpace/Eindoefening/legoblokken_A\geel4\badbe8ca-6cef-11ee-857c-00044beca74a.jpg,4
C:/Users/machk/SS_JLAB_WorkSpace/Eindoefening/legoblokken_A\geel4\bb4f350a-6cef-11ee-857c-00044beca74a.jpg,4
C:/Users/machk/SS_JLAB_WorkSpace/Eindoefening/legoblokken_A\geel4\bba2465a-6cef-11ee-857c-00044beca74a.jpg,4
C:/Users/machk/SS_JLAB_WorkSpace/Eindoefening/legoblokken_A\geel4\bbfc3d22-6cef-11ee-857c-00044beca74a.jpg,4
C:/Users/machk/SS_JLAB_WorkSpace/Eindoefening/legoblokken_A\geel4\bc5047c8-6cef-11ee-857c-00044beca74a.jpg,4
C:/Users/machk/SS_JLAB_WorkSpace/Eindoefening/legoblokken_A\geel4\bcb372c6-6cef-11ee-857c-00044beca74a.jpg,4
C:/Users/machk/SS_JLAB_WorkSpace/Eindoefening/legoblokken_A\geel4\bd0d08a4-6cef-11ee-857c-00044beca74a.jpg,4
C:/Users/machk/SS_JLAB_WorkSpace/Eindoefening/legoblokken_A\geel4\bd66b70a-6cef-11ee-857c-00044beca74a.jpg,4
C:/Users/machk/SS_JLAB_WorkSpace/Eindoefening/legoblokken_A\geel4\bdcc88dc-6cef-11ee-857c-00044beca74a.jpg,4
C:/Users/machk/SS_JLAB_WorkSpace/Eindoefening/legoblokken_A\geel4\c7e03594-6cef-11ee-857c-00044beca74a.jpg,4
C:/Users/machk/SS_JLAB_WorkSpace/Eindoefening/legoblokken_A\geel4\c87a69ca-6cef-11ee-857c-00044beca74a.jpg,4
C:/Users/machk/SS_JLAB_WorkSpace/Eindoefening/legoblokken_A\geel4\c8d3acf6-6cef-11ee-857c-00044beca74a.jpg,4
C:/Users/machk/SS_JLAB_WorkSpace/Eindoefening/legoblokken_A\geel4\c925b136-6cef-11ee-857c-00044beca74a.jpg,4
C:/Users/machk/SS_JLAB_WorkSpace/Eindoefening/legoblokken_A\geel4\c9708eae-6cef-11ee-857c-00044beca74a.jpg,4
C:/Users/machk/SS_JLAB_WorkSpace/Eindoefening/legoblokken_A\geel4\c9bc8e44-6cef-11ee-857c-00044beca74a.jpg,4
C:/Users/machk/SS_JLAB_WorkSpace/Eindoefening/legoblokken_A\geel4\ca100d76-6cef-11ee-857c-00044beca74a.jpg,4
C:/Users/machk/SS_JLAB_WorkSpace/Eindoefening/legoblokken_A\geel4\ca697848-6cef-11ee-857c-00044beca74a.jpg,4
C:/Users/machk/SS_JLAB_WorkSpace/Eindoefening/legoblokken_A\geel4\cabfdd6e-6cef-11ee-857c-00044beca74a.jpg,4
C:/Users/machk/SS_JLAB_WorkSpace/Eindoefening/legoblokken_A\geel4\cb1b53c4-6cef-11ee-857c-00044beca74a.jpg,4
C:/Users/machk/SS_JLAB_WorkSpace/Eindoefening/legoblokken_A\geel4\cb698170-6cef-11ee-857c-00044beca74a.jpg,4
C:/Users/machk/SS_JLAB_WorkSpace/Eindoefening/legoblokken_A\geel4\cbbb8268-6cef-11ee-857c-00044beca74a.jpg,4
C:/Users/machk/SS_JLAB_WorkSpace/Eindoefening/legoblokken_A\geel4\cc114590-6cef-11ee-857c-00044beca74a.jpg,4
C:/Users/machk/SS_JLAB_WorkSpace/Eindoefening/legoblokken_A\geel4\cc6b0b52-6cef-11ee-857c-00044beca74a.jpg,4
C:/Users/machk/SS_JLAB_WorkSpace/Eindoefening/legoblokken_A\geel4\ccbe9d12-6cef-11ee-857c-00044beca74a.jpg,4
C:/Users/machk/SS_JLAB_WorkSpace/Eindoefening/legoblokken_A\geel4\cd1401c6-6cef-11ee-857c-00044beca74a.jpg,4
C:/Users/machk/SS_JLAB_WorkSpace/Eindoefening/legoblokken_A\geel4\cd642d54-6cef-11ee-857c-00044beca74a.jpg,4
C:/Users/machk/SS_JLAB_WorkSpace/Eindoefening/legoblokken_A\geel4\cdbaf044-6cef-11ee-857c-00044beca74a.jpg,4
C:/Users/machk/SS_JLAB_WorkSpace/Eindoefening/legoblokken_A\geel4\ce0d8840-6cef-11ee-857c-00044beca74a.jpg,4
C:/Users/machk/SS_JLAB_WorkSpace/Eindoefening/legoblokken_A\geel4\ce6668d4-6cef-11ee-857c-00044beca74a.jpg,4
C:/Users/machk/SS_JLAB_WorkSpace/Eindoefening/legoblokken_A\geel4\ceb3db28-6cef-11ee-857c-00044beca74a.jpg,4
C:/Users/machk/SS_JLAB_WorkSpace/Eindoefening/legoblokken_A\geel4\cf019de0-6cef-11ee-857c-00044beca74a.jpg,4
C:/Users/machk/SS_JLAB_WorkSpace/Eindoefening/legoblokken_A\geel4\cf534956-6cef-11ee-857c-00044beca74a.jpg,4
C:/Users/machk/SS_JLAB_WorkSpace/Eindoefening/legoblokken_A\geel4\cfa8b120-6cef-11ee-857c-00044beca74a.jpg,4
C:/Users/machk/SS_JLAB_WorkSpace/Eindoefening/legoblokken_A\geel4\cffe8e1a-6cef-11ee-857c-00044beca74a.jpg,4
C:/Users/machk/SS_JLAB_WorkSpace/Eindoefening/legoblokken_A\geel4\d04e58d2-6cef-11ee-857c-00044beca74a.jpg,4
C:/Users/machk/SS_JLAB_WorkSpace/Eindoefening/legoblokken_A\geel4\d0a123a0-6cef-11ee-857c-00044beca74a.jpg,4
C:/Users/machk/SS_JLAB_WorkSpace/Eindoefening/legoblokken_A\geel4\d6733430-6cef-11ee-857c-00044beca74a.jpg,4
C:/Users/machk/SS_JLAB_WorkSpace/Eindoefening/legoblokken_A\geel4\d6f29856-6cef-11ee-857c-00044beca74a.jpg,4
C:/Users/machk/SS_JLAB_WorkSpace/Eindoefening/legoblokken_A\geel4\d73ecf50-6cef-11ee-857c-00044beca74a.jpg,4
C:/Users/machk/SS_JLAB_WorkSpace/Eindoefening/legoblokken_A\geel4\d7980048-6cef-11ee-857c-00044beca74a.jpg,4
C:/Users/machk/SS_JLAB_WorkSpace/Eindoefening/legoblokken_A\geel4\d7f2008e-6cef-11ee-857c-00044beca74a.jpg,4
C:/Users/machk/SS_JLAB_WorkSpace/Eindoefening/legoblokken_A\geel4\d8459942-6cef-11ee-857c-00044beca74a.jpg,4
C:/Users/machk/SS_JLAB_WorkSpace/Eindoefening/legoblokken_A\geel4\d8a9a2e8-6cef-11ee-857c-00044beca74a.jpg,4
C:/Users/machk/SS_JLAB_WorkSpace/Eindoefening/legoblokken_A\geel4\d906a178-6cef-11ee-857c-00044beca74a.jpg,4
C:/Users/machk/SS_JLAB_WorkSpace/Eindoefening/legoblokken_A\geel4\d9548f50-6cef-11ee-857c-00044beca74a.jpg,4
C:/Users/machk/SS_JLAB_WorkSpace/Eindoefening/legoblokken_A\geel4\d9a44f68-6cef-11ee-857c-00044beca74a.jpg,4
C:/Users/machk/SS_JLAB_WorkSpace/Eindoefening/legoblokken_A\geel4\d9fc3c64-6cef-11ee-857c-00044beca74a.jpg,4
C:/Users/machk/SS_JLAB_WorkSpace/Eindoefening/legoblokken_A\geel4\da566c52-6cef-11ee-857c-00044beca74a.jpg,4
C:/Users/machk/SS_JLAB_WorkSpace/Eindoefening/legoblokken_A\geel4\dab34f62-6cef-11ee-857c-00044beca74a.jpg,4
C:/Users/machk/SS_JLAB_WorkSpace/Eindoefening/legoblokken_A\geel4\db0792ca-6cef-11ee-857c-00044beca74a.jpg,4
C:/Users/machk/SS_JLAB_WorkSpace/Eindoefening/legoblokken_A\geel4\db606b98-6cef-11ee-857c-00044beca74a.jpg,4
C:/Users/machk/SS_JLAB_WorkSpace/Eindoefening/legoblokken_A\geel4\dbac70d8-6cef-11ee-857c-00044beca74a.jpg,4
C:/Users/machk/SS_JLAB_WorkSpace/Eindoefening/legoblokken_A\geel4\dbf8d1a8-6cef-11ee-857c-00044beca74a.jpg,4
C:/Users/machk/SS_JLAB_WorkSpace/Eindoefening/legoblokken_A\geel4\dc4b3cb8-6cef-11ee-857c-00044beca74a.jpg,4
C:/Users/machk/SS_JLAB_WorkSpace/Eindoefening/legoblokken_A\geel4\e1342c1c-6cef-11ee-857c-00044beca74a.jpg,4
C:/Users/machk/SS_JLAB_WorkSpace/Eindoefening/legoblokken_A\geel4\e17cac80-6cef-11ee-857c-00044beca74a.jpg,4
C:/Users/machk/SS_JLAB_WorkSpace/Eindoefening/legoblokken_A\geel4\e1c5e81e-6cef-11ee-857c-00044beca74a.jpg,4
C:/Users/machk/SS_JLAB_WorkSpace/Eindoefening/legoblokken_A\geel4\e2145c4c-6cef-11ee-857c-00044beca74a.jpg,4
C:/Users/machk/SS_JLAB_WorkSpace/Eindoefening/legoblokken_A\geel4\e270c482-6cef-11ee-857c-00044beca74a.jpg,4
C:/Users/machk/SS_JLAB_WorkSpace/Eindoefening/legoblokken_A\geel4\e2c6aaa0-6cef-11ee-857c-00044beca74a.jpg,4
C:/Users/machk/SS_JLAB_WorkSpace/Eindoefening/legoblokken_A\geel4\e322aa76-6cef-11ee-857c-00044beca74a.jpg,4
C:/Users/machk/SS_JLAB_WorkSpace/Eindoefening/legoblokken_A\geel4\e3833e2c-6cef-11ee-857c-00044beca74a.jpg,4
C:/Users/machk/SS_JLAB_WorkSpace/Eindoefening/legoblokken_A\geel4\e3ed85a2-6cef-11ee-857c-00044beca74a.jpg,4
C:/Users/machk/SS_JLAB_WorkSpace/Eindoefening/legoblokken_A\geel4\e4478fe8-6cef-11ee-857c-00044beca74a.jpg,4
C:/Users/machk/SS_JLAB_WorkSpace/Eindoefening/legoblokken_A\geel4\e4962c48-6cef-11ee-857c-00044beca74a.jpg,4
C:/Users/machk/SS_JLAB_WorkSpace/Eindoefening/legoblokken_A\geel4\e4e945ae-6cef-11ee-857c-00044beca74a.jpg,4
C:/Users/machk/SS_JLAB_WorkSpace/Eindoefening/legoblokken_A\geel4\e53b70fe-6cef-11ee-857c-00044beca74a.jpg,4
C:/Users/machk/SS_JLAB_WorkSpace/Eindoefening/legoblokken_A\geel4\e5910c76-6cef-11ee-857c-00044beca74a.jpg,4
C:/Users/machk/SS_JLAB_WorkSpace/Eindoefening/legoblokken_A\geel4\e5e4591c-6cef-11ee-857c-00044beca74a.jpg,4
C:/Users/machk/SS_JLAB_WorkSpace/Eindoefening/legoblokken_A\geel4\e6348356-6cef-11ee-857c-00044beca74a.jpg,4
C:/Users/machk/SS_JLAB_WorkSpace/Eindoefening/legoblokken_A\blauw12\0028a5b4-6cee-11ee-857c-00044beca74a.jpg,5
C:/Users/machk/SS_JLAB_WorkSpace/Eindoefening/legoblokken_A\blauw12\0168fff0-6cee-11ee-857c-00044beca74a.jpg,5
C:/Users/machk/SS_JLAB_WorkSpace/Eindoefening/legoblokken_A\blauw12\026ee540-6cee-11ee-857c-00044beca74a.jpg,5
C:/Users/machk/SS_JLAB_WorkSpace/Eindoefening/legoblokken_A\blauw12\0c500c38-6cee-11ee-857c-00044beca74a.jpg,5
C:/Users/machk/SS_JLAB_WorkSpace/Eindoefening/legoblokken_A\blauw12\0cdc8c4e-6cee-11ee-857c-00044beca74a.jpg,5
C:/Users/machk/SS_JLAB_WorkSpace/Eindoefening/legoblokken_A\blauw12\0d6b31e2-6cee-11ee-857c-00044beca74a.jpg,5
C:/Users/machk/SS_JLAB_WorkSpace/Eindoefening/legoblokken_A\blauw12\0e1d136c-6cee-11ee-857c-00044beca74a.jpg,5
C:/Users/machk/SS_JLAB_WorkSpace/Eindoefening/legoblokken_A\blauw12\0eb5a0aa-6cee-11ee-857c-00044beca74a.jpg,5
C:/Users/machk/SS_JLAB_WorkSpace/Eindoefening/legoblokken_A\blauw12\0f76baf6-6cee-11ee-857c-00044beca74a.jpg,5
C:/Users/machk/SS_JLAB_WorkSpace/Eindoefening/legoblokken_A\blauw12\103d251a-6cee-11ee-857c-00044beca74a.jpg,5
C:/Users/machk/SS_JLAB_WorkSpace/Eindoefening/legoblokken_A\blauw12\10e36a88-6cee-11ee-857c-00044beca74a.jpg,5
C:/Users/machk/SS_JLAB_WorkSpace/Eindoefening/legoblokken_A\blauw12\11795160-6cee-11ee-857c-00044beca74a.jpg,5
C:/Users/machk/SS_JLAB_WorkSpace/Eindoefening/legoblokken_A\blauw12\13a0838c-6cee-11ee-857c-00044beca74a.jpg,5
C:/Users/machk/SS_JLAB_WorkSpace/Eindoefening/legoblokken_A\blauw12\145d5084-6cee-11ee-857c-00044beca74a.jpg,5
C:/Users/machk/SS_JLAB_WorkSpace/Eindoefening/legoblokken_A\blauw12\1518f492-6cee-11ee-857c-00044beca74a.jpg,5
C:/Users/machk/SS_JLAB_WorkSpace/Eindoefening/legoblokken_A\blauw12\161414a8-6cee-11ee-857c-00044beca74a.jpg,5
C:/Users/machk/SS_JLAB_WorkSpace/Eindoefening/legoblokken_A\blauw12\1718cc2c-6cee-11ee-857c-00044beca74a.jpg,5
C:/Users/machk/SS_JLAB_WorkSpace/Eindoefening/legoblokken_A\blauw12\18063c96-6cee-11ee-857c-00044beca74a.jpg,5
C:/Users/machk/SS_JLAB_WorkSpace/Eindoefening/legoblokken_A\blauw12\1e46ab68-6cee-11ee-857c-00044beca74a.jpg,5
C:/Users/machk/SS_JLAB_WorkSpace/Eindoefening/legoblokken_A\blauw12\1fbb7f28-6cee-11ee-857c-00044beca74a.jpg,5
C:/Users/machk/SS_JLAB_WorkSpace/Eindoefening/legoblokken_A\blauw12\20a38aac-6cee-11ee-857c-00044beca74a.jpg,5
C:/Users/machk/SS_JLAB_WorkSpace/Eindoefening/legoblokken_A\blauw12\22540fc0-6cee-11ee-857c-00044beca74a.jpg,5
C:/Users/machk/SS_JLAB_WorkSpace/Eindoefening/legoblokken_A\blauw12\234ef78c-6cee-11ee-857c-00044beca74a.jpg,5
C:/Users/machk/SS_JLAB_WorkSpace/Eindoefening/legoblokken_A\blauw12\242d073e-6cee-11ee-857c-00044beca74a.jpg,5
C:/Users/machk/SS_JLAB_WorkSpace/Eindoefening/legoblokken_A\blauw12\24e60de2-6cee-11ee-857c-00044beca74a.jpg,5
C:/Users/machk/SS_JLAB_WorkSpace/Eindoefening/legoblokken_A\blauw12\25a207e0-6cee-11ee-857c-00044beca74a.jpg,5
C:/Users/machk/SS_JLAB_WorkSpace/Eindoefening/legoblokken_A\blauw12\2647075e-6cee-11ee-857c-00044beca74a.jpg,5
C:/Users/machk/SS_JLAB_WorkSpace/Eindoefening/legoblokken_A\blauw12\271c5c88-6cee-11ee-857c-00044beca74a.jpg,5
C:/Users/machk/SS_JLAB_WorkSpace/Eindoefening/legoblokken_A\blauw12\280ed79c-6cee-11ee-857c-00044beca74a.jpg,5
C:/Users/machk/SS_JLAB_WorkSpace/Eindoefening/legoblokken_A\blauw12\294f64d2-6cee-11ee-857c-00044beca74a.jpg,5
C:/Users/machk/SS_JLAB_WorkSpace/Eindoefening/legoblokken_A\blauw12\2ab55412-6cee-11ee-857c-00044beca74a.jpg,5
C:/Users/machk/SS_JLAB_WorkSpace/Eindoefening/legoblokken_A\blauw12\2b977590-6cee-11ee-857c-00044beca74a.jpg,5
C:/Users/machk/SS_JLAB_WorkSpace/Eindoefening/legoblokken_A\blauw12\2c586f52-6cee-11ee-857c-00044beca74a.jpg,5
C:/Users/machk/SS_JLAB_WorkSpace/Eindoefening/legoblokken_A\blauw12\33265538-6cee-11ee-857c-00044beca74a.jpg,5
C:/Users/machk/SS_JLAB_WorkSpace/Eindoefening/legoblokken_A\blauw12\343694b0-6cee-11ee-857c-00044beca74a.jpg,5
C:/Users/machk/SS_JLAB_WorkSpace/Eindoefening/legoblokken_A\blauw12\35831b40-6cee-11ee-857c-00044beca74a.jpg,5
C:/Users/machk/SS_JLAB_WorkSpace/Eindoefening/legoblokken_A\blauw12\36cb4ee6-6cee-11ee-857c-00044beca74a.jpg,5
C:/Users/machk/SS_JLAB_WorkSpace/Eindoefening/legoblokken_A\blauw12\382a878e-6cee-11ee-857c-00044beca74a.jpg,5
C:/Users/machk/SS_JLAB_WorkSpace/Eindoefening/legoblokken_A\blauw12\3c28583e-6cee-11ee-857c-00044beca74a.jpg,5
C:/Users/machk/SS_JLAB_WorkSpace/Eindoefening/legoblokken_A\blauw12\3d19efa0-6cee-11ee-857c-00044beca74a.jpg,5
C:/Users/machk/SS_JLAB_WorkSpace/Eindoefening/legoblokken_A\blauw12\3e4c2316-6cee-11ee-857c-00044beca74a.jpg,5
C:/Users/machk/SS_JLAB_WorkSpace/Eindoefening/legoblokken_A\blauw12\3f0a0976-6cee-11ee-857c-00044beca74a.jpg,5
C:/Users/machk/SS_JLAB_WorkSpace/Eindoefening/legoblokken_A\blauw12\40452546-6cee-11ee-857c-00044beca74a.jpg,5
C:/Users/machk/SS_JLAB_WorkSpace/Eindoefening/legoblokken_A\blauw12\41e115e0-6cee-11ee-857c-00044beca74a.jpg,5
C:/Users/machk/SS_JLAB_WorkSpace/Eindoefening/legoblokken_A\blauw12\43031824-6cee-11ee-857c-00044beca74a.jpg,5
C:/Users/machk/SS_JLAB_WorkSpace/Eindoefening/legoblokken_A\blauw12\4452b22a-6cee-11ee-857c-00044beca74a.jpg,5
C:/Users/machk/SS_JLAB_WorkSpace/Eindoefening/legoblokken_A\blauw12\457bc2a4-6cee-11ee-857c-00044beca74a.jpg,5
C:/Users/machk/SS_JLAB_WorkSpace/Eindoefening/legoblokken_A\blauw12\50c5c37c-6ced-11ee-857c-00044beca74a.jpg,5
C:/Users/machk/SS_JLAB_WorkSpace/Eindoefening/legoblokken_A\blauw12\515d8ef0-6ced-11ee-857c-00044beca74a.jpg,5
C:/Users/machk/SS_JLAB_WorkSpace/Eindoefening/legoblokken_A\blauw12\51edfe4a-6ced-11ee-857c-00044beca74a.jpg,5
C:/Users/machk/SS_JLAB_WorkSpace/Eindoefening/legoblokken_A\blauw12\527caa28-6ced-11ee-857c-00044beca74a.jpg,5
C:/Users/machk/SS_JLAB_WorkSpace/Eindoefening/legoblokken_A\blauw12\54003efa-6ced-11ee-857c-00044beca74a.jpg,5
C:/Users/machk/SS_JLAB_WorkSpace/Eindoefening/legoblokken_A\blauw12\5696dca0-6ced-11ee-857c-00044beca74a.jpg,5
C:/Users/machk/SS_JLAB_WorkSpace/Eindoefening/legoblokken_A\blauw12\57dc4186-6ced-11ee-857c-00044beca74a.jpg,5
C:/Users/machk/SS_JLAB_WorkSpace/Eindoefening/legoblokken_A\blauw12\59df6bac-6ced-11ee-857c-00044beca74a.jpg,5
C:/Users/machk/SS_JLAB_WorkSpace/Eindoefening/legoblokken_A\blauw12\69c0d9ca-6ced-11ee-857c-00044beca74a.jpg,5
C:/Users/machk/SS_JLAB_WorkSpace/Eindoefening/legoblokken_A\blauw12\6a74f82e-6ced-11ee-857c-00044beca74a.jpg,5
C:/Users/machk/SS_JLAB_WorkSpace/Eindoefening/legoblokken_A\blauw12\6b2dc462-6ced-11ee-857c-00044beca74a.jpg,5
C:/Users/machk/SS_JLAB_WorkSpace/Eindoefening/legoblokken_A\blauw12\6c029c46-6ced-11ee-857c-00044beca74a.jpg,5
C:/Users/machk/SS_JLAB_WorkSpace/Eindoefening/legoblokken_A\blauw12\6cff1dcc-6ced-11ee-857c-00044beca74a.jpg,5
C:/Users/machk/SS_JLAB_WorkSpace/Eindoefening/legoblokken_A\blauw12\6e0518f2-6ced-11ee-857c-00044beca74a.jpg,5
C:/Users/machk/SS_JLAB_WorkSpace/Eindoefening/legoblokken_A\blauw12\73345388-6ced-11ee-857c-00044beca74a.jpg,5
C:/Users/machk/SS_JLAB_WorkSpace/Eindoefening/legoblokken_A\blauw12\74a5f32a-6ced-11ee-857c-00044beca74a.jpg,5
C:/Users/machk/SS_JLAB_WorkSpace/Eindoefening/legoblokken_A\blauw12\756b1b1e-6ced-11ee-857c-00044beca74a.jpg,5
C:/Users/machk/SS_JLAB_WorkSpace/Eindoefening/legoblokken_A\blauw12\77641d08-6ced-11ee-857c-00044beca74a.jpg,5
C:/Users/machk/SS_JLAB_WorkSpace/Eindoefening/legoblokken_A\blauw12\7842305c-6ced-11ee-857c-00044beca74a.jpg,5
C:/Users/machk/SS_JLAB_WorkSpace/Eindoefening/legoblokken_A\blauw12\818b9b4e-6ced-11ee-857c-00044beca74a.jpg,5
C:/Users/machk/SS_JLAB_WorkSpace/Eindoefening/legoblokken_A\blauw12\82323fda-6ced-11ee-857c-00044beca74a.jpg,5
C:/Users/machk/SS_JLAB_WorkSpace/Eindoefening/legoblokken_A\blauw12\83392ace-6ced-11ee-857c-00044beca74a.jpg,5
C:/Users/machk/SS_JLAB_WorkSpace/Eindoefening/legoblokken_A\blauw12\83ed13cc-6ced-11ee-857c-00044beca74a.jpg,5
C:/Users/machk/SS_JLAB_WorkSpace/Eindoefening/legoblokken_A\blauw12\849be1ea-6ced-11ee-857c-00044beca74a.jpg,5
C:/Users/machk/SS_JLAB_WorkSpace/Eindoefening/legoblokken_A\blauw12\858812d6-6ced-11ee-857c-00044beca74a.jpg,5
C:/Users/machk/SS_JLAB_WorkSpace/Eindoefening/legoblokken_A\blauw12\86f3dc7c-6ced-11ee-857c-00044beca74a.jpg,5
C:/Users/machk/SS_JLAB_WorkSpace/Eindoefening/legoblokken_A\blauw12\879d0cde-6ced-11ee-857c-00044beca74a.jpg,5
C:/Users/machk/SS_JLAB_WorkSpace/Eindoefening/legoblokken_A\blauw12\881f1f44-6ced-11ee-857c-00044beca74a.jpg,5
C:/Users/machk/SS_JLAB_WorkSpace/Eindoefening/legoblokken_A\blauw12\88c14990-6ced-11ee-857c-00044beca74a.jpg,5
C:/Users/machk/SS_JLAB_WorkSpace/Eindoefening/legoblokken_A\blauw12\8988df96-6ced-11ee-857c-00044beca74a.jpg,5
C:/Users/machk/SS_JLAB_WorkSpace/Eindoefening/legoblokken_A\blauw12\8c29bab8-6ced-11ee-857c-00044beca74a.jpg,5
C:/Users/machk/SS_JLAB_WorkSpace/Eindoefening/legoblokken_A\blauw12\8cbfb09a-6ced-11ee-857c-00044beca74a.jpg,5
C:/Users/machk/SS_JLAB_WorkSpace/Eindoefening/legoblokken_A\blauw12\8d8d884e-6ced-11ee-857c-00044beca74a.jpg,5
C:/Users/machk/SS_JLAB_WorkSpace/Eindoefening/legoblokken_A\blauw12\8e3f8e2c-6ced-11ee-857c-00044beca74a.jpg,5
C:/Users/machk/SS_JLAB_WorkSpace/Eindoefening/legoblokken_A\blauw12\8f786ff2-6ced-11ee-857c-00044beca74a.jpg,5
C:/Users/machk/SS_JLAB_WorkSpace/Eindoefening/legoblokken_A\blauw12\900eb584-6ced-11ee-857c-00044beca74a.jpg,5
C:/Users/machk/SS_JLAB_WorkSpace/Eindoefening/legoblokken_A\blauw12\90caab72-6ced-11ee-857c-00044beca74a.jpg,5
C:/Users/machk/SS_JLAB_WorkSpace/Eindoefening/legoblokken_A\blauw12\918865cc-6ced-11ee-857c-00044beca74a.jpg,5
C:/Users/machk/SS_JLAB_WorkSpace/Eindoefening/legoblokken_A\blauw12\92aaba2c-6ced-11ee-857c-00044beca74a.jpg,5
C:/Users/machk/SS_JLAB_WorkSpace/Eindoefening/legoblokken_A\blauw12\93aa6d3c-6ced-11ee-857c-00044beca74a.jpg,5
C:/Users/machk/SS_JLAB_WorkSpace/Eindoefening/legoblokken_A\blauw12\9468659e-6ced-11ee-857c-00044beca74a.jpg,5
C:/Users/machk/SS_JLAB_WorkSpace/Eindoefening/legoblokken_A\blauw12\954797aa-6ced-11ee-857c-00044beca74a.jpg,5
C:/Users/machk/SS_JLAB_WorkSpace/Eindoefening/legoblokken_A\blauw12\95f13a58-6ced-11ee-857c-00044beca74a.jpg,5
C:/Users/machk/SS_JLAB_WorkSpace/Eindoefening/legoblokken_A\blauw12\97169cac-6ced-11ee-857c-00044beca74a.jpg,5
C:/Users/machk/SS_JLAB_WorkSpace/Eindoefening/legoblokken_A\blauw12\9aa0a548-6ced-11ee-857c-00044beca74a.jpg,5
C:/Users/machk/SS_JLAB_WorkSpace/Eindoefening/legoblokken_A\blauw12\9b5bc1a2-6ced-11ee-857c-00044beca74a.jpg,5
C:/Users/machk/SS_JLAB_WorkSpace/Eindoefening/legoblokken_A\blauw12\9c130128-6ced-11ee-857c-00044beca74a.jpg,5
C:/Users/machk/SS_JLAB_WorkSpace/Eindoefening/legoblokken_A\blauw12\9cd702bc-6ced-11ee-857c-00044beca74a.jpg,5
C:/Users/machk/SS_JLAB_WorkSpace/Eindoefening/legoblokken_A\blauw12\9d7f2b40-6ced-11ee-857c-00044beca74a.jpg,5
C:/Users/machk/SS_JLAB_WorkSpace/Eindoefening/legoblokken_A\blauw12\f7c957b0-6ced-11ee-857c-00044beca74a.jpg,5
C:/Users/machk/SS_JLAB_WorkSpace/Eindoefening/legoblokken_A\blauw12\f861b8de-6ced-11ee-857c-00044beca74a.jpg,5
C:/Users/machk/SS_JLAB_WorkSpace/Eindoefening/legoblokken_A\blauw12\f91a4020-6ced-11ee-857c-00044beca74a.jpg,5
C:/Users/machk/SS_JLAB_WorkSpace/Eindoefening/legoblokken_A\blauw12\f9ebfb38-6ced-11ee-857c-00044beca74a.jpg,5
C:/Users/machk/SS_JLAB_WorkSpace/Eindoefening/legoblokken_A\blauw12\fb1f9690-6ced-11ee-857c-00044beca74a.jpg,5
C:/Users/machk/SS_JLAB_WorkSpace/Eindoefening/legoblokken_A\blauw12\fbe486b2-6ced-11ee-857c-00044beca74a.jpg,5
C:/Users/machk/SS_JLAB_WorkSpace/Eindoefening/legoblokken_A\blauw12\fc8f2978-6ced-11ee-857c-00044beca74a.jpg,5
C:/Users/machk/SS_JLAB_WorkSpace/Eindoefening/legoblokken_A\blauw12\fd3ceff4-6ced-11ee-857c-00044beca74a.jpg,5
C:/Users/machk/SS_JLAB_WorkSpace/Eindoefening/legoblokken_A\blauw12\fe0e8744-6ced-11ee-857c-00044beca74a.jpg,5
C:/Users/machk/SS_JLAB_WorkSpace/Eindoefening/legoblokken_A\blauw12\ff477c2e-6ced-11ee-857c-00044beca74a.jpg,5
